:020000040800F2
:1000000000C001202D3E0008353D000831110008D8
:100010006D110008A9110008E5110008000000009A
:10002000000000000000000000000000591200085D
:100030003D3D000800000000230D000845160008A3
:100040007D3E00087D3E00087D3E00087D3E0008A4
:100050007D3E00087D3E00087D3E00087D3E000894
:100060007D3E00087D3E00087D3E00084D3D0008B5
:10007000613D00087D3E0008753D00087D3E00089A
:100080007D3E00087D3E00087D3E00087D3E000864
:100090007D3E00087D3E00087D3E00087D3E000854
:1000A0007D3E00087D3E00087D3E00087D3E000844
:1000B0007D3E00087D3E00087D3E00087D3E000834
:1000C0007D3E00087D3E00087D3E00087D3E000824
:1000D0007D3E0008893D00087D3E00087D3E000809
:1000E0007D3E00087D3E00087D3E00087D3E000804
:1000F0007D3E00087D3E00087D3E00087D3E0008F4
:10010000000000007D3E0008000000007D3E000869
:100110007D3E00087D3E00087D3E00087D3E0008D3
:100120007D3E00087D3E00087D3E00087D3E0008C3
:100130007D3E000800000000000000007D3E000839
:100140007D3E00087D3E0008000000000000000029
:10015000000000000000000000000000000000009F
:100160000000000000000000000000007D3E0008CC
:100170007D3E00087D3E00087D3E00087D3E000873
:100180007D3E00087D3E00080000000000000000E9
:1001900000000000000000007D3E00087D3E0008D9
:1001A00000000000000000007D3E00087D3E0008C9
:1001B0007D3E00087D3E00087D3E00087D3E000833
:1001C0007D3E00087D3E00087D3E00087D3E000823
:0801D0007D3E00087D3E0008A1
:1001E000415F6F730000000000000000000000008D
:1001F00000000000000000000000000000000000FF
:1002000076323032342E31302E3030000000000093
:1002100000000000000000000000000000000000DE
:100220006C77697000000000000000000000000012
:1002300000000000000000000000000000000000BE
:10024000535441424C452D322E322E3000000000D6
:10025000000000000000000000000000000000009E
:100260004D656D6272616E652D5753656E736F7269
:100270005F303200000000000000000000000000BD
:1002800076323032342E31302E3030000000000013
:10029000000000000000000000000000000000005E
:1002A00010B5054C237833B9044B13B10448AFF3B0
:1002B00000800123237010BDE00300200000000037
:1002C000B4C0000808B5034B1BB103490348AFF3A2
:1002D000008008BD00000000E4030020B4C0000856
:1002E000034613F8012B002AFBD1181A0138704776
:1002F00001F0FF01102A2BDB10F0070F08D010F8D7
:10030000013B013A8B422DD010F0070F42B3F6D1DA
:10031000F0B441EA012141EA014122F007047FF0F3
:1003200000070023F0E80256083C85EA010586EA4A
:10033000010685FA47F5A3FA87F586FA47F6A5FA86
:1003400087F68EB9EED1F0BC01F0FF0102F0070292
:1003500032B110F8013B013A83EA010313B1F8D13D
:100360000020704701387047002D06BF354603381E
:10037000073815F0010F07D1013015F4807F02BF57
:10038000013015F4C03F0130F0BC0138704700BFA8
:1003900053B94AB9002908BF00281CBF4FF0FF31EC
:1003A0004FF0FF3000F06AB9ADF1080C6DE904CEF2
:1003B00000F006F8DDF804E0DDE9022304B0704740
:1003C0002DE9F047089D0C46002B4ED194468C45F4
:1003D0008646B2FA82F262D94AB1C2F12003914054
:1003E00020FA03F30CFA02FC194300FA02FE4FEA6A
:1003F0001C471FFA8CF6B1FBF7F44FEA1E4307FBCC
:10040000141143EA014304FB06F199420AD91CEB9B
:10041000030304F1FF3080F01281994240F20F8112
:10042000023C6344591A1FFA8EF3B1FBF7F007FB45
:10043000101143EA014300FB06F69E420AD91CEB69
:10044000030300F1FF3180F0FC809E4240F2F9800E
:10045000634402389B1B40EA044000211DB1D34095
:100460000022C5E90032BDE8F0878B4205D90DB105
:10047000C5E9000100210846F5E7B3FA83F1002938
:1004800046D1A34202D39042C0F0F080861A64EBBA
:1004900003030120002DE6D0C5E90063E3E7002A4D
:1004A00040F09080A1EB0C044FEA1C481FFA8CF737
:1004B0000121B4FBF8F64FEA1E4308FB164443EA59
:1004C000044307FB06F0984208D91CEB030306F12E
:1004D000FF3402D2984200F2CD8026461C1A1FFA41
:1004E0008EF3B4FBF8F008FB104443EA044300FB2E
:1004F00007F79F4208D91CEB030300F1FF3402D237
:100500009F4200F2B0802046DB1B40EA0640A5E790
:10051000C1F120068B4022FA06F71F4320FA06FCA1
:1005200004FA01F343EA0C03F44000FA01F8380C32
:100530004FEA1349B4FBF0FE1FFA87FC00FB1E4490
:1005400049EA04440EFB0CF9A14502FA01F20AD96A
:100550003C190EF1FF3A80F08480A14540F2818081
:10056000AEF1020E3C44A4EB09041FFA83F9B4FB7C
:10057000F0F300FB134449EA044403FB0CFCA445DC
:1005800007D93C1903F1FF3067D2A44565D9023B76
:100590003C4443EA0E40A0FB0293A4EB0C049C42B3
:1005A000CE469C4651D34ED055B1B8EB0E0364EB0A
:1005B0000C0404FA06F6CB401E43CC40C5E90064A7
:1005C000002150E7C2F1200320FA03F10CFA02FCEB
:1005D00024FA03F394400C434FEA1C4800FA02FE4D
:1005E0001FFA8CF7B3FBF8F008FB1031230C43EA39
:1005F000014300FB07F1994208D91CEB030300F10A
:10060000FF362CD299422AD9023863445B1AA4B22D
:10061000B3FBF8F108FB113344EA034401FB07F391
:10062000A34208D91CEB040401F1FF3613D2A34204
:1006300011D902396444E41A41EA004139E7044619
:10064000F0E6084606E7C845AED2B9EB020E63EB0A
:10065000070C0138A8E73146EDE7034699E7304635
:10066000D4E7D6467FE7634402384DE70646234683
:1006700008460FE7023E634430E700BF704700BF03
:1006800080B584B000AF0346B9607A60FB7323483D
:1006900006F01BFC214806F0E7FBFA7B20491346D5
:1006A0009B0013449B000B441A781E4B93F8353083
:1006B0009A4201D001232CE0FB7B192B12D17F2120
:1006C000194804F03BFF0346002B01D0022320E031
:1006D0007A68B968144804F04BF80346002B01D03F
:1006E000022316E0FB7B1A2B12D17F210F4804F066
:1006F00025FF0346002B01D002230AE07A68B9687F
:100700000A4804F035F80346002B01D0022300E02C
:10071000002318461037BD4680BD00BFC00D002025
:100720002044002000400020F00B00205C0C002042
:1007300080B582B000AF0346FB71FB79192B04D161
:10074000084807F0DFFD034608E0FB791A2B04D1C7
:10075000054807F0D7FD034600E002231846083796
:10076000BD4680BD380E0020840E002080B582B0CA
:1007700000AF0346FB71FB79192B04D1084807F041
:1007800029FE034608E0FB791A2B04D1054807F03F
:1007900021FE034600E0022318460837BD4680BD0F
:1007A000380E0020840E002080B582B000AF786043
:1007B0007B680E4A934208D10D4B93F8F43119220D
:1007C0004FF00071184600F0A9FB7B68094A93427C
:1007D00008D1074B93F808321A224FF0806118466F
:1007E00000F09CFB00BF0837BD4680BDF00B002029
:1007F000204400205C0C002080B483B000AF03468E
:100800003960FB7197F90730002B0ADB3B68DAB2DD
:100810000C4997F907301201D2B20B4483F8002338
:100820000AE03B68DAB20849FB7903F00F03043BA6
:100830001201D2B20B441A7600BF0C37BD465DF8E8
:10084000047B704700E100E000ED00E080B582B07D
:1008500000AF78607B68013BB3F1807F01D3012357
:100860000FE00A4A7B68013B53600F214FF0FF30D5
:10087000FFF7C2FF054B00229A60044B07221A6063
:10088000002318460837BD4680BD00BF10E000E0D9
:1008900080F30888704700BF60486149B0F80CC019
:1008A0002DE9784183885F4CDFF884E1DFF88481AB
:1008B000A1F50066A1F58051CD1AF218838A808BCC
:1008C000C4F8B01062441A44A5EB0C0CACEB030363
:1008D0000244CEE90061521ACEF81030181AC4F85A
:1008E000C03200210123CEE9025C2660C4F86051C9
:1008F000C4F810C2237284F8B83084F8683184F8E0
:10090000183284F8C8320AF0DBFA2268464BDFF866
:1009100028E1DFF828C1454DC4F8AC30C4F85C814B
:10092000C4F80CE2C4F8BCC2C4F86C53164642F8D2
:10093000083C002342E9053342E907334FF0807059
:1009400042E909336FF0020142E90B3342E90D330A
:1009500042E90F3342F8040C42F80C1C46F8403DC3
:10096000D4F8B020266042E9028042E9043142E92D
:10097000063342E9083342E90A3342E90C3342E9DB
:100980000E3342F83C3C42F8403DC4F8B020D4F865
:10099000602142E902E042E9043142E9063342E9DA
:1009A000083342E90A3342E90C3342E90E3342F894
:1009B0003C3C42F8403DC4F86021D4F8102242E9A2
:1009C00002C042E9043142E9063342E9083342E910
:1009D0000A3342E90C3342E90E3342F83C3C42F818
:1009E000403DC4F81022D4F8C02242F8040C10464E
:1009F00042E9043142E9063342E9083342E90A3365
:100A000042E90C3342E90E3342F8085C42F83C3CC0
:100A100040F8403DC4F8C002BDE8788114000020D1
:100A200000800020A040002075100008051100087B
:100A3000FC03002081100008AD100008D910000848
:100A400008B5054BB3FBF0F00138FFF7FFFE034B91
:100A50000122DA6008BD00BF80FE210A00400020AC
:100A600004480549054B091A8910C3E9000100F043
:100A7000F7BB00BF004000200080002000400020A5
:100A8000064B5A6A42F480325A625A6A42F4003281
:100A90005A625A6A42F480225A62704700ED00E0BE
:100AA00008B500220F216FF0010004F090FFBDE8AF
:100AB000084000220C214FF0FF3004F088BF00BF37
:100AC00070B5084D04466E6807F00AF9064BA3FBA3
:100AD00000239B0C621E03FB02F26B689B1B93427C
:100AE000FBD370BD001000E083DE1B430F4A104BA8
:100AF000D2F8FC1021F08071C2F8FC10D2F8FC1082
:100B000041F08071C2F8FC101A6822F001021A60EC
:100B10001A68002042F001021A60586000BF00BF4E
:100B200000BF5868B0FA80F04009704700ED00E05F
:100B3000001000E001F0A4B810B5022003F004FAA0
:100B4000124B134C07CB20606160A260FFF7F2FFED
:100B500000F0FAFD72B6FFF7C9FF00F0F7FDFFF7EE
:100B60008FFFFFF79DFF0B48FFF792FEFFF794FE04
:100B70004FF47A70FFF764FF00F0EAFD00F0C4F86C
:100B800062B6BDE8104000F075BA00BF84C100082D
:100B90005B4000200080002080B483B000AF03469B
:100BA0000A46FB711346BB7172B600BF204AFB793F
:100BB0001370FB791F2B01D9002332E0FA791D490C
:100BC00013469B0013449B000B441B78002B01D061
:100BD000002326E0FA79184B93F83500154913469F
:100BE0009B0013449B000B4402461A70FA79BB79B0
:100BF00043F00103D8B20F4913469B0013449B00F6
:100C00000B44013302461A70FA790A4913469B00D5
:100C100013449B000B44103300221A6062B600BFDD
:100C2000FB7918460C37BD465DF8047B704700BF62
:100C3000100400202044002000400020072900D993
:100C4000704770B50F4C4FF0B00E0EFB004E2C25C8
:100C500005FB001C01269EF8515006FA01F12943BC
:100C60008EF851100CF104010CF10C0C44F8212009
:100C700044F82C304FF08042BDE87040082100F06D
:100C80004DB900BFA0400020072812D82DE9F0413F
:100C90001B4F1C4E97F83520B02505FB0263044618
:100CA00093F85130034113F0010304D11846BDE815
:100CB000F081002070474FF02C0808FB0242131D02
:100CC000084602F10C0156F8212056F823100AF0CC
:100CD0002BF997F8353005FB036508FB03430C330C
:100CE000012156F8230095F851306A6DA14023EA9E
:100CF000010322F0080285F851306A65BDE8F081F1
:100D000000400020A040002000B500F079F880F3FA
:100D100009885DF804EB4FF0020080F314887047F7
:100D200000BFEFF3098020E9F00F00B500F07EF876
:100D300000F096F800F064F8B0E8F00F80F309884E
:100D40005DF804EB704700BF80B400AF074B5B68F1
:100D5000064A43F080535360BFF34F8F00BF62B623
:100D600000BF00BFBD465DF8047B704700ED00E0AA
:100D700080B582B000AF786072B600BF1E4B93F8AA
:100D8000353019461D4AB02301FB03F313440C33DD
:100D90007A681A60184B93F835301946174AB02311
:100DA00001FB03F3134454331A687B681340002B90
:100DB0001CD1114B93F835301946104AB02301FB72
:100DC00003F3134408331B780B4A92F8352010467E
:100DD00023F00103D9B2094AB02300FB03F3134403
:100DE00008330A461A70FFF7AFFF01E062B600BF92
:100DF00000BF0837BD4680BD00400020A040002055
:100E000080B400AF074B93F835301946064AB0233B
:100E100001FB03F313441B681846BD465DF8047BD1
:100E2000704700BF00400020A040002080B483B085
:100E300000AF7860084B93F835301946074AB02365
:100E400001FB03F313447A681A6000BF0C37BD46F8
:100E50005DF8047B704700BF00400020A0400020E8
:100E600080B483B000AF00237B6000233B6039E097
:100E7000274B93F835300133DAB2254B83F8352010
:100E8000234B93F83520234BA3FB021399080B4601
:100E90009B000B44D31ADAB21D4B83F835201C4B50
:100EA00093F83530002B2CD0194B93F83530194678
:100EB000194AB02301FB03F3134408331B787B600A
:100EC0007B6803F08003002B09D17B6803F00103EA
:100ED000002B04D00E4B93F83530002B06D13B6825
:100EE00001333B603B68042BC2DD00E000BF7B6840
:100EF00003F00103002B05D1054B002283F83520B8
:100F000000E000BF0C37BD465DF8047B704700BFB2
:100F100000400020CDCCCCCCA040002080B485B0D7
:100F200000AF0346B9607A60FB73FB7B2A4AB021AD
:100F300001FB03F3134408331B785BB2002B44DB43
:100F400072B600BFFB7B244AB02101FB03F31344BC
:100F500054331968FB7BBA680A431F49B02000FB71
:100F600003F30B4454331A60FB7B1B4AB02101FB93
:100F700003F3134458331968FB7B7A680A43164914
:100F8000B02000FB03F30B4458331A60FB7B124A7A
:100F9000B02101FB03F31344083300221A70FB7BDA
:100FA0000D4AB02101FB03F3134408331A78FB7B8D
:100FB00042F00102D0B2084AB02101FB03F313440E
:100FC000083302461A7062B600BF00231846143771
:100FD000BD465DF8047B7047A040002080B483B01C
:100FE00000AF7860396072B600BF204B93F835309F
:100FF00019461F4AB02301FB03F3134454331A6804
:101000007B681A60194B93F835301946184AB0239B
:1010100001FB03F3134458331A683B681A60134BFF
:1010200093F835301249B02203FB02F20A445832D9
:10103000002111600D4A92F8352010460C4AB0216B
:1010400001FB03F3134458331A680949B02300FB2A
:1010500003F30B4454331A6062B600BF00231846F2
:101060000C37BD465DF8047B704700BF0040002090
:10107000A040002008B500F065FBFFF765FEFAE729
:1010800008B5074B01201B689847064A064B92F8A3
:101090003520B02101FB0233C0221A72FEE700BFE7
:1010A0001400002000400020A040002008B5074B9D
:1010B00002209B689847064A064B92F83520B021DB
:1010C00001FB0233C0221A72FEE700BF14000020A9
:1010D00000400020A040002008B5074B03201B69FA
:1010E0009847064A064B92F83520B02101FB02339F
:1010F000C0221A72FEE700BF14000020004000204A
:10110000A040002008B5074B04209B699847064A79
:10111000064B92F83520B02101FB0233C0221A722F
:10112000FEE700BF1400002000400020A040002087
:101130000C4B0D4A93F8351083F836104FF0B00C75
:101140000CFB012258184FF0A00C82F808C090F850
:1011500045204FF0200C013283F837C080F845203D
:10116000FFF7F2BD00400020A04000200C4B0D4ACC
:1011700093F8351083F836104FF0B00C0CFB0122B9
:1011800058184FF0900C82F808C090F84F204FF09C
:10119000200C013283F837C080F84F20FFF7D4BD10
:1011A00000400020A04000200C4B0D4A93F8351061
:1011B00083F836104FF0B00C0CFB012258184FF09A
:1011C000880C82F808C090F84A204FF0200C0132B9
:1011D00083F837C080F84A20FFF7B6BD00400020F2
:1011E000A04000200C4B0D4A93F8351083F83610C0
:1011F0004FF0B00C0CFB012258184FF0840C82F811
:1012000008C090F854204FF0200C013283F837C00A
:1012100080F85420FFF798BD00400020A040002037
:101220008818704738B58369044613F8020C1038E3
:10123000C3B2032B08D8064AA36852F82050D4E959
:101240000012A847206038BD0248206038BD00BFAA
:1012500000000020EFBEADDEEFF30980FFF7E2BF34
:1012600080B485B000AF786039600023FB6008E08F
:10127000FB689B007A68134400221A60FB68013304
:10128000FB60FA683B689A42F2D300BF00BF143794
:10129000BD465DF8047B704772B605480549826813
:1012A0000B680132013382600B6062B6704700BF89
:1012B0000040002018100020034BDA680AB198683B
:1012C0007047024B1868704700400020181000203B
:1012D000F8B5C64CC64F0125D4F8BC309A07EEB21B
:1012E00004D5B968D4F8B42091423FD2580705D448
:1012F0000135052D04F1B004EED1F8BD94F950315B
:1013000094F85021002B73DB94F9513194F851215A
:10131000002B56DB94F9523194F85221002B5EDBFE
:1013200094F9533194F85321002B41DB94F9543153
:1013300094F85421002B32DB94F9553194F855215F
:10134000002B23DB94F9563194F85621002B15DB42
:1013500094F9573194F85721002BC9DA9107D4F842
:101360002C314DD40133C4F82C31C1E7022211468F
:101370003046FFF7D3FDD4F8BC30B7E79107D4F877
:1013800028317BD40133C4F82831E1E79107D4F840
:10139000243100F192800133C4F82431D2E791075F
:1013A000D4F8203100F1A8800133C4F82031C3E71C
:1013B0009107D4F81C3100F1DC800133C4F81C31F2
:1013C000B4E79107D4F8143100F1B5800133C4F8C3
:1013D000143194F9523194F85221002BA0DA91077C
:1013E000D4F8183100F1E3800133C4F8183197E7DD
:1013F0009107D4F8103122D40133C4F8103183E7B7
:101400007B4989688B423FF673AF94F8B83043F05C
:10141000010384F8B830D30740F1F180D4F84C319F
:101420000B44C4F82C3194F8583163F07F033046F4
:1014300084F8583180220421FFF770FD58E76C4989
:1014400089689942FFF460AF94F8B830D00743F050
:10145000010384F8B83040F1E680D4F830310B4411
:10146000C4F8103194F8583143F0010384F858312E
:10147000012204213046FFF751FD45E75C498968A8
:101480008B423FF665AF94F8B830D00743F00103C4
:1014900084F8B83040F1D180D4F848310B44C4F816
:1014A000283194F8583143F0400384F858314022F1
:1014B00004213046FFF732FD4AE74D4989688B42E7
:1014C0003FF640AF94F8B830D00743F0010384F8FA
:1014D000B83040F1AD80D4F844310B44C4F8243125
:1014E00094F8583143F0200384F858312022042125
:1014F0003046FFF713FD25E73D4989689942FFF41F
:101500001BAF94F8B830D00743F0010384F8B8302B
:1015100040F18480D4F840310B44C4F8203194F871
:10152000583143F0100384F858311022042130461A
:10153000FFF7F4FC00E72E4989689942FFF4EAAE10
:1015400094F8B830D00743F0010384F8B83060D580
:10155000D4F834310B44C4F8143194F8583143F0C2
:10156000020384F85831022204213046FFF7D6FCEA
:10157000D0E61F4989689942FFF4D8AE94F8B83094
:10158000D00743F0010384F8B8303DD5D4F83C319E
:101590000B44C4F81C3194F8583143F0080384F824
:1015A0005831082204213046FFF7B8FCBEE6104946
:1015B00089689942FFF4B4AE94F8B830D00743F08C
:1015C000010384F8B83015D5D4F838310B44C4F889
:1015D000183194F85831042243F0040384F8583148
:1015E00011463046FFF79AFC9AE600BFA040002063
:1015F0000040002022F0020284F85221E9E722F0A4
:10160000020284F857210EE722F0020284F85321E7
:10161000C1E722F0020284F851219EE722F0020283
:1016200084F854217BE722F0020284F8502119E764
:1016300022F0020284F8552152E722F0020284F8D7
:1016400056212EE708B572B60C4BDB687BB1FFF76D
:1016500023FE0B4B1B6803B19847FFF739FE094B7C
:101660001B6803B19847FFF76FFB62B608BD02F035
:1016700059FC04F0EEF962B608BD00BF004000203E
:10168000100000201404002030B42C4D2C4C95F890
:1016900035304FF0B00C0CFB0343034493F9A030FA
:1016A000002B17DB202818D8A0B101381F2811D82B
:1016B000DFE800F04240103A1010103C10101010FB
:1016C0001010103E101010101010101010101010EC
:1016D00010101038012030BC7047402820D08028DE
:1016E00008BF0723F6D172B695F835C0AD68B020B3
:1016F00000FB0C40184402F00F0262F07F0280F8F9
:10170000A0202C2202FB0C3303F1200218330D44DD
:1017100044F8221044F8235062B6002030BC7047D1
:101720000623E0E70523DEE70223DCE70323DAE70D
:101730000423D8E70123D6E70023D4E700400020A4
:10174000A0400020704700BF704700BF704700BF37
:10175000704700BF08B500EB800C0A4B13F82CC093
:10176000094B93F835309C4509D10438074B00EB01
:10177000800053F8200010B107F078F908BDFF2071
:1017800008BD00BF20440020004000206049002028
:10179000F8B500EB800C204C204D95F835E014F89E
:1017A0002C50754504EB8C0C01D0FF20F8BD051FB3
:1017B00005EB850EACF80E204FEA8E0E9CF801204A
:1017C000CCF808100EF1080E154922F0020200278D
:1017D0008CF80120860021F80E70AA0063B163F333
:1017E0000F0763F31F47DCF8043043F00043CCF8E5
:1017F00004308B1C43F80E702A440644920004EB1C
:101800008603885802F10E0400229A8121440122A5
:1018100007F0E0F8F8BD00BF2044002000400020A1
:101820006049002010B572B63D4C94F85130D8078D
:101830001DD494F86530D90724D494F87930DA07A8
:101840002BD494F88D30DB0732D494F8A130D8072C
:1018500039D494F8B530D90741D494F8C930DA07AF
:1018600048D494F8DD30DB0750D462B610BD1021A7
:1018700094F850004FF40072FFF750FB94F8653075
:10188000D907DAD54FF4007294F864002021FFF7ED
:1018900045FB94F87930DA07D3D594F878004FF403
:1018A00000724021FFF73AFB94F88D30DB07CCD56E
:1018B00094F88C004FF400728021FFF72FFB94F80E
:1018C000A130D807C5D54FF4807194F8A0004FF42B
:1018D0000072FFF723FB94F8B530D907BDD54FF45C
:1018E0000072114694F8B400FFF718FB94F8C93061
:1018F000DA07B6D594F8C8004FF400724FF480614F
:10190000FFF70CFB94F8DD30DB07AED594F8DC0074
:101910004FF400724FF40061FFF700FB62B610BD98
:10192000204400202DE9F84F044672B68A4D2B68FA
:1019300098421AD06B699C4266D0AB6A9C426CD0CC
:10194000EB6B9C4272D02B6D9C4278D06B6E9C42AC
:101950007ED0AB6F9C4200F08580D5F88C30A342DE
:1019600000F08A8062B6BDE8F88F7C4E96F8513060
:10197000DF07DFD54FF00408002708EB880206EBED
:1019800082024FEA880AD2F808C0BCF1000F00F0CA
:101990009C8007EB870105EB810013F0020B90F8A8
:1019A0000EE04FEA81014FEA870900F0938013F0BF
:1019B000040B6BD00AEB080306EB830309EB07016A
:1019C0009A890CF802E09A89D88905EB81010132E5
:1019D00092B2B1F80CC09A819042A1F80AC05ED0D0
:1019E00009EB070305EB83039A7B5B7A9A4200F0CD
:1019F000988009EB070105EB810101220E31204699
:101A000006F0E8FF62B6AEE7544E96F86530D807A8
:101A100093D54FF005080127AFE7504E96F879307F
:101A2000D9078DD54FF006080227A6E74B4E96F84A
:101A30008D30DA0787D54FF0070803279DE7474E1B
:101A400096F8A130DF0781D54FF00808042794E706
:101A5000424E96F8B530D8077FF57BAF4FF00908B6
:101A600005278AE73D4E96F8C930D9077FF575AF4F
:101A70004FF00A08062780E7384E96F8DD30DA077F
:101A80007FF570AF4FF00B08072776E7007A7045B7
:101A90002ED143F00403A2F80CB053708AE75A78B1
:101AA000588022F004025A701A690021998102B10B
:101AB00090470AEB0803012116F8230001FA08F108
:101AC0004FF48072FFF72AFA8AE707EB870705EBE6
:101AD000870192E793890CF803E09389D189013358
:101AE0009BB2994293810BD0B94405EB890184E7FD
:101AF0000E3101222944204606F06CFF62B632E71F
:101B000013695180A2F80CB003B19847C244012177
:101B100016F82A0001FA08F14FF48072FFF7FEF977
:101B2000E2E70AEB080306EB830300215A78988961
:101B3000588022F004025A701A69998102B19047C4
:101B4000C244012116F82A0001FA08F14FF480720C
:101B5000FFF7E4F94DE700BF604900202044002072
:101B6000264B1A68904216D05A69904219D09A6A48
:101B700090421CD0DA6B90421FD01A6D904222D056
:101B80005A6E904225D09A6F904228D0D3F88C207C
:101B900082422DD070471A6901321A615A69904207
:101BA000E5D15A6A01325A629A6A9042E2D19A6B3E
:101BB00001329A63DA6B9042DFD1DA6C0132DA6477
:101BC0001A6D9042DCD11A6E01321A665A6E90423A
:101BD000D9D15A6F01325A679A6F9042D6D1D3F851
:101BE00088200132C3F88820D3F88C208242D1D1DA
:101BF000D3F89C200132C3F89C2070476049002034
:101C000070B51D4C1D4E042594F85130D90707D5E9
:101C1000A36D2BB1B4F85C2012B1616D002907DB14
:101C200001350C2D04F1140406F11406ECD170BD3D
:101C300071890029F4D0013989B271810029EFD16D
:101C4000B089A4F8522070819954236EA4F85C10D6
:101C500003B1984701214FF4A06294F85000A940C5
:101C6000FFF75CF994F851305A0744BF23F004039E
:101C700084F85130D4E700BF2044002060490020A0
:101C8000024B03490422C3E9001270476049002057
:101C90001C0F002080B400AFBFF34F8F00BF064B76
:101CA000DB6803F4E0620449044B1343CB60BFF3E9
:101CB0004F8F00BF00BFFDE700ED00E00400FA0514
:101CC00080B582B000AF78603960074B1B684FF079
:101CD000FF321A613A687968034803F02BFF034624
:101CE00018460837BD4680BD880D002080B483B0FB
:101CF00000AF0E4B0E4AC3F84C2300237B6009E073
:101D00000A4BD3F84C237B681344FF221A707B687C
:101D100001337B607B68B3F5803FF1D300BF00BF28
:101D20000C37BD465DF8047B704700BF20070020DC
:101D30000080002080B582B000AF786039603A68DA
:101D4000796800200AF0C4F900BF0837BD4680BD9D
:101D500080B500AF094B03F17843094A1360094B82
:101D6000094A1A60054B03F178434FF400620649B3
:101D700018460AF0ADF900BF80BD00BF00F80008AA
:101D8000180400201C040020E00A002080B485B064
:101D900000AF78607B685B09FB600F4AFB68C83363
:101DA00052F823307A6802F01F02012101FA02F290
:101DB0001A430949FB68C83341F82320064BD3F87E
:101DC00040330133044AC2F8403300BF1437BD46E4
:101DD0005DF8047B704700BF2007002080B485B009
:101DE00000AF78607B685B09FB60124AFB68C83310
:101DF00052F823307A6802F01F02012101FA02F240
:101E0000D2431A400B49FB68C83341F82320094BE1
:101E1000D3F84033002B06D0064BD3F84033013BB8
:101E2000044AC2F8403300BF1437BD465DF8047B56
:101E3000704700BF2007002080B582B000AF0023AC
:101E4000FB71AA4B93F81431002B19D1A74B93F8CF
:101E50000B313C2B40F02B81A54B18464FF485737A
:101E60001A46002109F02CF8A04B3C225A709F4BD7
:101E7000012283F814219D4B0122C3F80C2116E1A5
:101E80009A4BD3F80C31994A92F80B11974A1344A4
:101E90000A465A70954BD3F80C31012B70D1934BF5
:101EA0009B78782B54D0782B61DC5A2B4BD05A2B53
:101EB0005DDC492B3CDC412B21DA58E04A3B012216
:101EC00002FA03F303F42462002A14BF0122002261
:101ED000D2B2002A31D142F202021A40002A14BFC3
:101EE00001220022D2B2002A2DD103F00103002BDF
:101EF00014BF01230023DBB2002B33D137E0413B79
:101F0000082B34D801A252F823F000BF471F000865
:101F10006F1F0008471F00083B1F00086F1F0008C5
:101F20006F1F00086F1F00086F1F00085B1F00086D
:101F3000572B1CDC4A2BC1DA19E06C4B4FF485722D
:101F4000C3F8102117E0694B0422C3F8102112E0F6
:101F5000664B0422C3F810210DE0644B0422C3F841
:101F6000102108E0614B0422C3F8102103E05F4B0D
:101F7000002283F814215D4B0222C3F80C2196E065
:101F80005A4BD3F80C31594A92F80B11574A134463
:101F90000A465A70554BD3F80C310133534AC2F8F4
:101FA0000C31524B9B78782B07D1504B93F80B3167
:101FB0003E2B7CD10823FB7179E04C4B9B78492B5D
:101FC00007D14A4B93F80B313E2B70D10923FB719B
:101FD0006DE0464B9B784B2B07D1444B93F80B316C
:101FE0003E2B64D10723FB7161E0404BD3F80C21F9
:101FF0003E4BD3F810319A4259D13C4B9B78413B30
:10200000192B52D801A252F823F000BFA5200008D6
:10201000AB2000089920000875200008AB200008BC
:10202000AB200008AB200008AB200008812000088E
:1020300087200008AB200008AB200008AB20000878
:10204000AB200008AB2000087B200008A52000087A
:10205000AB2000088D200008AB200008932000086A
:10206000AB2000089F200008AB200008AB20000830
:10207000A52000080223FB7119E00323FB7116E081
:102080000923FB7113E00A23FB7110E00423FB71A9
:102090000DE00123FB710AE00523FB7107E0062335
:1020A000FB7104E00723FB7101E00023FB71FB7966
:1020B000002B16D00D4B002283F814210B4BDB783C
:1020C000FF2B09D0094BDA780A4B93F820309A425B
:1020D00002D00023FB7104E0044BDA78034B83F851
:1020E0001521FB7918460837BD4680BD2007002022
:1020F00021070020E00A002080B584B000AF03462D
:10210000FB71FB79012B3DD1A74BA84AA849A948EF
:1021100008F0AAFEB860BB68022B40F0B081A64B65
:1021200093F8543343F00103DAB2A34B83F85423FA
:10213000A14BA24AC3F84C239F4B0022C3F848236B
:102140009D4B002283F855239B4B0022C3F850235C
:102150000023FB6008E0984AFB68C833002142F87E
:102160002310FB680133FB60FB68072BF3D9924B0C
:102170000022C3F84023904B0022C3F81C23FFF732
:10218000B5FD7CE1FB79022B40F09A808A4B93F8F5
:10219000543303F00103002B00F07181864B93F858
:1021A0000A313E2B40F08480834B93F8543343F044
:1021B0000203DAB2804B83F854234FF482717D48D6
:1021C000FFF77EFD03467C4AC2F858337A4BD3F8BA
:1021D0005833002B06D1784B93F85523764B1B7957
:1021E0009A420DD0744BD3F81C331846FFF7CEFD3E
:1021F000714BD3F85C3301336F4AC2F85C3318E09B
:102200000023FB6012E0FB681A1D6B4BD3F84C33C4
:1022100069490A4452781A70FB680133FB60664BC7
:10222000D3F84C330133644AC2F84C33FB68FF2BBC
:10223000E9D9614BD3F8483303F580735E4AC2F89D
:1022400048335D4BD3F848235B4BD3F844339A4271
:102250001FD1594B93F8543323F00203DAB2564B93
:1022600083F85423544B93F8543343F00403DAB205
:10227000514B83F85423504BD3F85C33002B04D1DB
:102280004D4B802283F8542303E04B4B102283F8FC
:102290005423494B93F855330133DAB2464B83F854
:1022A0005523454BD3F81C330133434AC2F81C3342
:1022B000414B1B7823F00103DAB23F4B1A70DEE08A
:1022C000FB79052B3DD13C4BDA783D4B93F8203020
:1022D0009A4240F0D480384B3C2283F81622364B89
:1022E000432283F81722364B93F82020324B83F891
:1022F0001822314BD3F85C331B0EDAB22E4B83F825
:1023000019222D4BD3F85C331B0CDAB22A4B83F81D
:102310001A22294BD3F85C331B0ADAB2264B83F816
:102320001B22254BD3F85C33DAB2234B83F81C22F3
:10233000214B3E2283F81D221F4B0822C3F818238D
:102340009DE0FB79062B3DD11B4B93F854335BB2D8
:10235000002B80F29480184BDA78194B93F82030D8
:102360009A4240F08C80144B3C2283F81622124B88
:10237000572283F81722124B93F820200E4B83F834
:1023800018220D4B3E2283F819220B4B0422C3F86E
:102390001823094B93F8543343F04003DAB2064B49
:1023A00083F854236BE000BF780A0020640A002001
:1023B000D8C000082507002020070020008000204A
:1023C000E00A0020FB79042B4ED12F4BDA782F4BFB
:1023D00093F820309A4252D14FF482712C48FFF783
:1023E0006FFC0346284AC2F85833274BD3F85833BA
:1023F000002B44D1244B1B791B021A46254B1A6033
:10240000244B1B68244A13441F4AC2F84C33002350
:10241000FB6012E0FB681A1D1B4BD3F84C331A49C2
:102420000A4452781A70FB680133FB60164BD3F8EC
:102430004C330133144AC2F84C33FB68FF2BE9D903
:10244000114B1B791846FFF7C9FC0F4BD3F84033EB
:10245000002B04D10C4B802283F854230FE00A4B4D
:10246000102283F854230AE0FB79032B07D1064B93
:10247000DB78FF2B03D1044BA02283F8542300BF49
:102480001037BD4680BD00BF20070020E00A0020B5
:10249000250700202004002000800020B0B586B071
:1024A00004AF0123FB71AA4B0022C3F81823A84BE9
:1024B0005B783C2B40F0AA81A54B9B78413B192BC4
:1024C00000F29A8101A252F823F000BF35250008DE
:1024D000F9270008F9270008F9270008F92700085C
:1024E000F9270008F9270008F9270008F92700084C
:1024F000F927000875260008F9270008F9270008C1
:10250000F9270008F9270008F927000881270008A3
:10251000F9270008F9270008F9270008F92700081B
:10252000F9270008F9270008F9270008F92700080B
:102530002B260008864BDA78864B93F820309A4297
:1025400040F05D81824B3C2283F81622804B412271
:1025500083F817227F4B93F820207D4B83F81822B5
:102560007B4B012283F81922794B572283F81A22D8
:10257000794BDB691B0ADAB2754B83F81B22764B69
:10258000DB69DAB2724B83F81C22714B4B2283F861
:102590001D226F4B002283F81E226F4BDB891A46E7
:1025A00001239340DAB26A4B83F81F22684B53220F
:1025B00083F82022684B9B891B0A9BB2DAB2644BDA
:1025C00083F82122644B9B89DAB2614B83F8222283
:1025D0005F4B432283F823225F4B1B6B1B0ADAB24B
:1025E0005B4B83F824225C4B1B6BDAB2584B83F8AD
:1025F0002522574B542283F82622574B5B691B0A2E
:10260000DAB2534B83F82722534B5B69DAB2504B53
:1026100083F828224E4B3E2283F829224C4B142269
:10262000C3F818230023FB71E9E0494BDA78494BE2
:1026300093F820309A4240F0E480454B3C2283F8E6
:102640001622434B5A2283F81722424B93F820203C
:102650003F4B83F818223E4B012283F819223C4B52
:102660003E2283F81A223A4B0522C3F8182300238E
:10267000FB71C6E0364BDB78FF2B07D0344BDA78A2
:10268000344B93F820309A4240F0BD80334B039393
:10269000334B0293334B0193334B0093334B344A08
:1026A0003449354808F0E0FB38603B68062B02D01F
:1026B0000123FB71AAE0314B9B6BB3F5806F03DA0A
:1026C0002E4B4FF480629A632C4BDB6BB3F5406F5B
:1026D00003DB2A4B40F6FF32DA63284B1B6C202BBE
:1026E00002DD264B20221A64244B5B6CB3F5007F7D
:1026F00003DA224B4FF400725A64204B9B6CB3F503
:10270000606F03DB1D4B40F6FF529A641B4BDB6C82
:10271000102B02DD194B1022DA64184B9B6B174A01
:102720001362164BDB6B154A5362144B1B6C134A36
:102730009362124B5B6C114AD362104B9B6C1A462E
:102740000E4B1A630D4BDB6C0C4A53635BE000BF0E
:1027500020070020E00A0020A0040020CC0B00206D
:10276000C80B0020C40B0020C00B0020BC0B0020B5
:10277000B80B0020F0C0000824070020800B0020C8
:10278000254BDA78254B93F820309A423DD1224BE5
:102790003C2283F81622204B9A781F4B83F817228D
:1027A0001E4B93F820201C4B83F818221A4B012251
:1027B00083F819221A4B186A194B5C6A184B9B6AEA
:1027C000174AD26A1649096B0D461549496B0391A0
:1027D000029501920093234602461249124808F0DE
:1027E00023FB1148FDF77CFD034604330A4AC2F877
:1027F00018330023FB7108E00123FB7106E000BFE2
:1028000004E000BF02E000BF00E000BFFB79184613
:102810000837BD46B0BD00BF20070020E00A0020F9
:10282000800B002004C100083A09002080B582B066
:1028300000AF274B9B78782B45D1254BDB78FF2BBE
:1028400041D1234B1B79322B16D0322B3BDC302B62
:1028500002D0312B08D036E01D4B1B7803F07F03EC
:10286000DAB21B4B1A702EE0194B1B7863F07F0312
:10287000DAB2174B1A7026E0154B1B785BB2002BAF
:1028800020DA144B184620231A46002108F018FBC2
:10289000114B184620231A46002108F011FB0E4B5D
:1028A0000C4A0E490E4808F0DFFA78607B68022B6C
:1028B00008D1074B5A790B4B83F82020044BA022F8
:1028C00083F8542300BF002318460837BD4680BD57
:1028D00020070020020B0020220B00201CC1000852
:1028E00026070020E00A002080B500AF114B00222F
:1028F000C3F818230F4BDA780F4B93F820309A4225
:1029000016D10E4B0E4A0F490F4808F08DFA0E48AB
:10291000FDF7E6FC0346074AC2F81833064B93F866
:102920002020044B83F81822024B012283F819223D
:1029300000BF80BD20070020E00A0020220B0020FD
:10294000020B002024C100083609002080B500AF2A
:10295000154B0022C3F81823134BDA78134B93F866
:1029600020309A421ED11249124808F05DFA1249ED
:10297000124808F059FA114B0E4A1149114808F053
:1029800053FA1048FDF7ACFC0346074AC2F8183367
:10299000064B93F82020044B83F81822024B0122A7
:1029A00083F8192200BF80BD20070020E00A002024
:1029B00034C10008240400204CC100085404002045
:1029C00068C100083609002080B582B000AF01233D
:1029D000FB71FFF731FA0346BB71BB79002B1DD0A9
:1029E000BB79072B04D1FFF759FD0346FB7115E0B6
:1029F000BB79082B02D1FFF719FF0FE0BB79092B38
:102A000002D1FFF771FF09E0BB790A2B02D1FFF772
:102A10009DFF03E0BB791846FFF76EFBFB79184674
:102A20000837BD4680BD000080B582B000AF254BA1
:102A30001B785BB2002B41DB224BD3F81833002B01
:102A40003CD0204BD3F8183302331F4A10461A46A5
:102A5000002108F035FA00237B600FE07B6801332A
:102A600018497A680A4402F216221178154A13446A
:102A70000A4683F816217B6801337B60114BD3F83B
:102A800018337A689A42E9D30E4B002283F8162154
:102A900072B600BF6420FEF713F862B600BF094BA0
:102AA000D3F818339BB202339BB21A46064904206E
:102AB000FEF750FE034B0022C3F8182300BF08376F
:102AC000BD4680BD200700203608002080B500AF3D
:102AD0000C4B40F6FF729A810A4B0022DA81094BB7
:102AE00000225A70074B80221A700021064803F01A
:102AF000E5F9002300220021034803F04BFA00BF50
:102B000080BD00BFA0040020AC0D002080B400AF49
:102B10000D4B1B785BB2002B10DA0B4B1B7803F0CC
:102B20007F03DAB2084B1A70074B1B7843F001039E
:102B3000DAB2054B1A70044B00225A7000BFBD4632
:102B40005DF8047B704700BFA004002080B500AF93
:102B5000314B1B7803F00103002B5AD02E4B5B78CE
:102B6000032B56D801A252F823F000BF7D2B00089A
:102B7000A32B0008C52B0008F12B0008002300221E
:102B80000021264803F006FA1920FDF7D1FD1A208E
:102B9000FDF7CEFD204B0022DA621F4B01225A7056
:102BA00037E01D4B1B7803F00203002B2ED040F6BC
:102BB000FF7300220021194803F0ECF9164B0222A2
:102BC0005A7023E0144B1B7803F00403002B1FD032
:102BD0001920FDF7CBFD1A20FDF7C8FD0E4B03228F
:102BE0005A700023002200210C4803F0D3F90FE0B3
:102BF000094B00225A70084B80221A70064B1B7832
:102C000023F00703DAB2044B1A7002E000BF00E0C1
:102C100000BF00BF80BD00BFA0040020AC0D00209D
:102C200080B483B000AF5A4B00229A62584B9B6A23
:102C3000574A536244237B600BE0554B5B6A55490E
:102C40007A6831F812201344514A53627B68013389
:102C50007B607B687F2BF0D900237B600DE04C4BC1
:102C60009B6A4C497A6831F812209B1A03F6FF736D
:102C7000474A93627B6801337B607B683F2BEED9C8
:102C8000434B0022DA81424B9B6A9B09404A136204
:102C90003F4B5B6ADB093E4AD3613D4BDA693C4BF3
:102CA0001B6A9A4206D93A4BDA69394B1B6AD31A26
:102CB000374AD361374BB3F888301A46344BDA6160
:102CC000334BDA69324B1B6A9A4216D9304BDA69B8
:102CD0002F4B1B6AD31A2E4AD3610EE02C4BDB8993
:102CE000062B10D82A4BDB695B08294AD361284B95
:102CF000DB8901339AB2264BDA81254BDB69B3F5C8
:102D0000806FEBD800E000BF234B1B881A4640F6CB
:102D1000B83302FB03F3214A9288B3FBF2F31C4A57
:102D200093611F4B1A881F4B1B889A421DD01B4B67
:102D3000DB881A46164B9B6902FB03F31A4AA2FB77
:102D400003239B091A46174B1B88D21A13469B0074
:102D500013441B011A46124B1B881946114B1B8842
:102D6000CB1A92FBF3F31E3301E047F6FF73084AD8
:102D70005361074B5B69053B054A5361044B0022D5
:102D80001A6300BF0C37BD465DF8047B704700BF77
:102D9000A004002020050020AA75FF1FE0040020E9
:102DA000CA75FF1FA875FF1FF119760580B500AF22
:102DB000214B1B88214AD26AC3F57F630F3399B236
:102DC0001F4B23F812101C4B5B881C4AD26AC3F5B8
:102DD0007F630F3399B21B4B23F81210174BDB6A3A
:102DE000402B07D1154B1B7843F00203DAB2134B8B
:102DF0001A7019E0114BDB6AC42B15D10023002295
:102E00000021114803F0C6F80C4B1B7843F008036F
:102E1000DAB20A4B1A70094B1B7843F00403DAB29A
:102E2000064B1A70FFF7FCFE044BDB6A0133034AC2
:102E3000D36200BF80BD00BFE0040020A0040020DA
:102E40002005002020060020AC0D002080B584B0B5
:102E500000AF78603F4B82221A603E4B1B683E49B0
:102E60003E4A084611461A4608F05EF83C4B70226E
:102E70001A603B4B1B683B493B4A084611461A46C1
:102E800008F052F800210420FDF786FE4FF47A7313
:102E9000012236490420FEF77BFC354B0022C3F8A3
:102EA0000C21344BDE221A70324BAD225A70314B5A
:102EB000BE229A702F4BEF22DA70FEF717FF032223
:102EC00064210120FEF7E0FB294B002283F8142146
:102ED0002948FDF74DFF07F1080207F10C031146E1
:102EE0001846FEF77BF8224B0022C3F81823FB6834
:102EF00003F00403002B14D01D4B93F8543303F05C
:102F0000C003C02B04D14FF470411C48FEF712FFE0
:102F1000174B93F8543303F0A003A02B01D1FEF715
:102F200017FFFB6803F01003002B0FD0BB6803F4FE
:102F30008073002B0AD0FFF747FD0346002B05D115
:102F400004230C4A01210220FDF778FEFFF76CFDF7
:102F5000BEE700BFCC0A0020E00A002000F800080D
:102F6000D00A0020800B002000F000082B08002071
:102F700020070020C40A00201400000A008000205E
:102F800080B584B000AF786000211920FDF704FE01
:102F900000211A20FDF700FE042224491920FDF724
:102FA0006FFB022222491A20FDF76AFBFFF78EFD14
:102FB00003220A210120FEF767FB1E48FDF7D8FE19
:102FC00007F1080207F10C0311461846FEF706F850
:102FD000FB6803F00803002B18D017490120FDF708
:102FE00053FE0346042B11D1134B1B78DE2B0DD15E
:102FF000114B5B78AD2B09D10F4B9B78BE2B05D1C4
:103000000D4BDB78EF2B01D1FFF780FDFB6803F060
:103010000403002B01D0FFF799FDFB6803F0007358
:10302000002BCAD0FFF7C2FEC7E700BFE0040020B4
:10303000000500200C000002D40A002080B582B0F8
:1030400000AF78600020FDF793FE00BF0837BD4653
:1030500080BD80B582B000AF78600020FDF788FEAB
:1030600000BF0837BD4680BD80B500AF00F007FF48
:1030700000F01EF8FDF7F4FC00F090FB00F054FBAC
:1030800000F002FB00F0BEF900F042FA00F05CF83C
:1030900000F074FA00F094F900F0A6FA00F0ECF9F0
:1030A00000F00AF900F00EFAFDF746FD00BFFDE75B
:1030B00080B594B000AF07F11803382200211846FC
:1030C00007F0FEFE3B1D00221A605A609A60DA602B
:1030D0001A61002004F01EF80223BB614FF48073D4
:1030E0007B624023BB6202237B630223BB63042316
:1030F000FB6355233B6402237B640223BB640223EE
:10310000FB6407F11803184604F03AF90346002B54
:1031100001D000F05BFB0F237B600323BB60002327
:10312000FB6000233B6100237B613B1D04211846AB
:1031300004F038FC0346002B01D000F047FB00BF31
:103140005037BD4680BD000080B58CB000AF07F1A0
:10315000240300221A605A609A603B1D202200213D
:10316000184607F0ADFE4F4B4FF0A0421A604D4B92
:103170004FF440325A604B4B00229A60494B002278
:10318000DA60484B00221A61464B01225A61454BD6
:1031900008229A61434B00221A77424B00225A7749
:1031A000404B04221A623F4B002283F824203D4BFF
:1031B0004FF4B462DA623B4B4FF480621A63394BCE
:1031C000012283F83820374B0022DA63354B012285
:1031D00083F84020334B08225A64324B60229A64B1
:1031E000304B0022DA642F4B01221A652D4801F082
:1031F00011F90346002B01D000F0E8FA00237B62AE
:1032000007F124031946274802F0FAF90346002B78
:1032100001D000F0DBFA244B7B600623BB60062361
:10322000FB607F233B6104237B610023BB613B1D6B
:1032300019461C4801F07AFB0346002B01D000F030
:10324000C5FA1A4B7B600C23BB603B1D1946154821
:1032500001F06CFB0346002B01D000F0B7FA144BD1
:103260007B601223BB603B1D19460E4801F05EFBDC
:103270000346002B01D000F0A9FA0E4B7B60182307
:10328000BB600023FB603B1D1946064801F04EFB66
:103290000346002B01D000F099FA00BF3037BD463D
:1032A00080BD00BFF00B0020002090B60400600835
:1032B000000084CB000021C380B588B000AF3B463E
:1032C00020220021184607F0FBFD394B394A1A60CD
:1032D000374B4FF440325A60354B00229A60344BE2
:1032E0000022DA60324B00221A61314B01225A610E
:1032F0002F4B08229A612E4B00221A772C4B00226A
:103300005A772B4B02221A62294B002283F8242081
:10331000274B4FF4F862DA62254B4FF480621A6350
:10332000234B012283F83820214B0022DA63204B03
:10333000012283F840201E4B08225A641C4B602255
:103340009A641B4B0022DA64194B01221A65184853
:1033500001F060F80346002B01D000F037FA164B5D
:103360003B6006237B600623BB607F23FB60042356
:103370003B6100237B613B4619460D4801F0D6FABC
:103380000346002B01D000F021FA0C4B3B600C23CC
:103390007B603B461946064801F0C8FA0346002BFD
:1033A00001D000F013FA00BF2037BD4680BD00BF3A
:1033B0005C0C002000010050000029C30800900CA4
:1033C00080B500AF0D4B0E4A1A600C4B00221A71EB
:1033D0000A4B00225A71094B00225A61074B002206
:1033E0009A61064B01221A62044802F03FFB034631
:1033F000002B01D000F0EAF900BF80BD880D00204D
:103400000030024080B58CB000AF3B463022002136
:10341000184607F055FD164B164A1A60144802F07C
:103420002BFD0346002B01D000F0D0F902233B60B6
:1034300000233B7100237B710023BB600023FB60F2
:1034400000233B6100237B610123BB610023FB61FF
:103450003B4600221946064802F0CAFD0346002BEF
:1034600001D000F0B3F900BF3037BD4680BD00BFCA
:10347000AC0D00200008005080B500AF0F4B104A83
:103480001A600E4B80225A600C4B60229A600B4BE4
:1034900000221A61094B01221A75084B00229A6119
:1034A000064B0022DA62054803F00EFC0346002BAF
:1034B00001D000F08BF900BF80BD00BFC00D00201F
:1034C0000003014080B500AF0F4B104A1A600E4B4D
:1034D00000225A600C4B60229A600B4B00221A614A
:1034E000094B01221A75084B00229A61064B0022F3
:1034F000DA62054803F0E8FB0346002B01D000F038
:1035000065F900BF80BD00BFFC0D00200403014031
:1035100080B584B000AF3B1D00221A605A609A60EB
:10352000144B154A1A60134B05225A60114B0022A6
:103530009A60104B1422DA600E4B00229A610D48FB
:1035400004F088FE0346002B01D000F03FF9202351
:103550007B600023FB603B1D1946064805F0ACF973
:103560000346002B01D000F031F900BF1037BD46F3
:1035700080BD00BF380E00200010004080B584B030
:1035800000AF3B1D00221A605A609A60144B154A26
:103590001A60134B05225A60114B00229A60104B9F
:1035A0001422DA600E4B00229A610D4804F052FE9C
:1035B0000346002B01D000F009F920237B60002393
:1035C000FB603B1D1946064805F076F90346002BC3
:1035D00001D000F0FBF800BF1037BD4680BD00BF32
:1035E000840E00200014004080B588B000AF07F1C1
:1035F000100300221A605A609A60DA603B1D0022B4
:103600001A605A609A601E4B1E4A1A601C4B1422A4
:103610005A601B4B00229A60194B2822DA60184B23
:1036200000221A61164B00225A61154B00229A6142
:10363000134804F00FFE0346002B01D000F0C6F83B
:103640004FF480533B6107F1100319460C4804F016
:10365000E9FE0346002B01D000F0B8F820237B6080
:103660000023FB603B1D1946054805F025F903467C
:10367000002B01D000F0AAF800BF2037BD4680BD66
:10368000D00E00200040014080B500AF234B244AFB
:103690001A60224B234A5A60204B00229A601F4B2B
:1036A0000022DA601D4B00221A611C4B0C225A6169
:1036B0001A4B00229A61194B0022DA61174B002243
:1036C0001A62164B00225A62144B00229A6200239F
:1036D00000220021114807F01DFA0346002B01D0FB
:1036E00000F074F800210D4807F0D4FA0346002BCF
:1036F00001D000F06BF80021084807F009FB0346F1
:10370000002B01D000F062F8044807F08AFA034663
:10371000002B01D000F05AF800BF80BD1C0F002024
:103720000038014090D0030080B582B000AF1A4B42
:103730009B6C194A43F004039364174B9B6C03F092
:1037400004037B607B68144B9B6C134A43F00103BA
:103750009364114B9B6C03F001033B603B680022B8
:1037600000210B2002F033F90B2002F04AF900226D
:1037700000210C2002F02BF90C2002F042F900226B
:1037800000210E2002F023F90E2002F03AF900BFCA
:103790000837BD4680BD00BF0010024080B483B032
:1037A00000AF094BDB6C084A43F00103D364064BBE
:1037B000DB6C03F001037B607B6800BF0C37BD4608
:1037C0005DF8047B704700BF0010024080B400AF7A
:1037D00072B600BF00BFFDE780B582B000AF0F4BEF
:1037E0001B6E0E4A43F0010313660C4B1B6E03F075
:1037F00001037B607B68094B9B6D084A43F0805353
:103800009365064B9B6D03F080533B603B6803F070
:1038100025FD00BF0837BD4680BD00BF0010024037
:1038200080B5A0B000AF786007F16C0300221A6089
:103830005A609A60DA601A6107F11C035022002175
:10384000184607F03DFB7B681B68B3F1A04F69D1B8
:103850004FF40043FB614FF00053FB6507F11C037D
:10386000184604F0BBFA0346002B01D0FFF7AEFF69
:10387000654B1B680133644A1360634B1B68012B63
:103880000BD1624BDB6C614A43F40053D3645F4B52
:10389000DB6C03F40053BB61BB695C4BDB6C5B4AC4
:1038A00043F00103D364594BDB6C03F001037B61EC
:1038B0007B690223FB6603233B6700237B6707F1D9
:1038C0006C0319464FF0904003F07CF8504B514A7E
:1038D0001A604F4B05225A604D4B00229A604C4BA8
:1038E0000022DA604A4B80221A61494B4FF4807201
:1038F0005A61474B4FF480629A61454B2022DA614E
:10390000434B00221A62424802F02AFD0346002B74
:1039100001D0FFF75BFF7B683D4A5A653C4A7B68F4
:1039200093626DE07B681B683B4A934268D14FF419
:103930000043FB614FF00053FB6507F11C03184681
:1039400004F04CFA0346002B01D0FFF73FFF2E4B4B
:103950001B6801332C4A13602B4B1B68012B0BD1C6
:103960002A4BDB6C294A43F40053D364274BDB6CAE
:1039700003F400533B613B69244BDB6C234A43F067
:103980000103D364214BDB6C03F00103FB60FB6894
:103990004023FB6603233B6700237B6707F16C032F
:1039A00019464FF0904003F00DF81C4B1C4A1A606A
:1039B0001A4B24225A60194B00229A60174B00229E
:1039C000DA60164B80221A61144B4FF480725A61F0
:1039D000124B4FF480629A61104B2022DA610F4B38
:1039E00000221A620D4802F0BBFC0346002B01D0F6
:1039F000FFF7ECFE7B68094A5A65084A7B689362C8
:103A000000BF8037BD4680BD10100020001002406E
:103A1000C80C00201C00024000010050280D0020AE
:103A20004400024080B485B000AF78607B681B68BA
:103A30000A4A93420BD10A4B9B6C094A43F48053C8
:103A40009364074B9B6C03F48053FB60FB6800BFDF
:103A50001437BD465DF8047B704700BF003002405C
:103A60000010024080B58AB000AF786007F11403FF
:103A700000221A605A609A60DA601A617B681B68DB
:103A8000154A934224D1154BDB6C144A43F480331E
:103A9000D364124BDB6C03F480333B613B690F4B07
:103AA000DB6C0E4A43F00103D3640C4BDB6C03F078
:103AB0000103FB60FB6810237B610323BB610023D0
:103AC000FB6107F1140319464FF0904002F07AFFB2
:103AD00000BF2837BD4680BD0008005000100240DE
:103AE00080B58AB000AF786007F1140300221A6035
:103AF0005A609A60DA601A617B681B681F4A9342B9
:103B000019D11F4BDB6C1E4A43F00103D3641C4BDD
:103B1000DB6C03F001033B613B6902237B61032300
:103B2000BB610023FB6107F1140319464FF090407D
:103B300002F048FF1DE07B681B68124A934218D1CF
:103B40000F4BDB6C0E4A43F00103D3640C4BDB6C70
:103B500003F00103FB60FB6880237B610323BB61EF
:103B60000023FB6107F1140319464FF0904002F067
:103B700029FF00BF2837BD4680BD00BF00030140BC
:103B8000001002400403014080B487B000AF7860A9
:103B90007B681B681C4A93420CD11C4B9B6D1B4AD3
:103BA00043F010039365194B9B6D03F010037B6189
:103BB0007B6922E07B681B68154A93420CD1134B4A
:103BC0009B6D124A43F020039365104B9B6D03F0ED
:103BD00020033B613B6910E07B681B680D4A934200
:103BE0000BD10A4B1B6E094A43F480331366074B13
:103BF0001B6E03F48033FB60FB6800BF1C37BD46BF
:103C00005DF8047B704700BF0010004000100240C8
:103C1000001400400040014080B59EB000AF7860C5
:103C200007F1640300221A605A609A60DA601A6130
:103C300007F1140350220021184607F041F97B6870
:103C40001B68384A934268D101237B610023BB6122
:103C500007F11403184604F0C1F80346002B01D005
:103C6000FFF7B4FD304B1B6E2F4A43F480431366BD
:103C70002D4B1B6E03F480433B613B692A4BDB6C8D
:103C8000294A43F00103D364274BDB6C03F00103A3
:103C9000FB60FB684FF4B0537B660223BB660023D6
:103CA000FB6600233B6707237B6707F16403194624
:103CB0004FF0904002F086FE1C4B1D4A1A601B4BD1
:103CC00019225A60194B10229A60184B0022DA60B0
:103CD000164B80221A61154B00225A61134B0022A9
:103CE0009A61124B0022DA61104B00221A620F48CF
:103CF00002F036FB0346002B01D0FFF767FD7B681F
:103D00000A4ADA67094A7B6893620022002125206B
:103D100001F05DFE252001F074FE00BF7837BD463E
:103D200080BD00BF0038014000100240B00F0020ED
:103D30000800024080B400AF00BFFDE780B400AFD0
:103D400000BFBD465DF8047B7047000080B500AF42
:103D5000024802F0E8FC00BF80BD00BFB00F0020A9
:103D600080B500AF024802F0DEFC00BF80BD00BF9E
:103D7000C80C002080B500AF024802F0D4FC00BFA0
:103D800080BD00BF280D002080B500AF024804F0C0
:103D9000EDFE00BF80BD00BF1C0F002080B586B0C7
:103DA00000AF7860144A154BD31A7B617B693B6185
:103DB000134B1B68002B02D1114B124A1A60104B97
:103DC0001A687B6813443A699A4207D207F080F870
:103DD00003460C221A604FF0FF3309E0084B1B68C2
:103DE000FB60074B1A687B681344054A1360FB6845
:103DF00018461837BD4680BD00C0012000040000F1
:103E0000141000206811002080B400AF064BD3F8D6
:103E10008830054A43F47003C2F8883000BFBD46BD
:103E20005DF8047B704700BF00ED00E00D4885465B
:103E3000FFF7EAFF0C480D490D4A002302E0D45871
:103E4000C4500433C4188C42F9D30A4A0A4C0023E4
:103E500001E013600432A242FBD307F03FF8FFF702
:103E600003F9FEE700C0012000000020C803002085
:103E700030C30008E003002064110020FEE780B595
:103E800082B000AF0023FB71032001F095FD0F20ED
:103E900000F00EF80346002B02D00123FB7101E075
:103EA000FFF79AFCFB7918460837BD4680BD000035
:103EB00080B584B000AF78600023FB73164B1B689D
:103EC000002B22D0154B1A68134B1B684FF47A71E4
:103ED000B1FBF3F3B2FBF3F3184601F0AEFD03467A
:103EE000002B0FD17B680F2B09D8002279684FF087
:103EF000FF3001F06CFD0A4A7B68136007E0012384
:103F0000FB7304E00123FB7301E00123FB73FB7BE4
:103F100018461037BD4680BD3C000020340000200C
:103F20003800002080B400AF054B1A68054B1B68B1
:103F30001344034A136000BFBD465DF8047B70471D
:103F4000181000203C00002080B584B000AF7860DD
:103F5000FDF7B2F9B8607B68FB60FB68B3F1FF3F27
:103F600004D0094B1B68FA681344FB6000BFFDF7DF
:103F7000A3F90246BB68D31AFA689A42F7D800BF81
:103F800000BF1037BD4680BD3C00002080B483B028
:103F900000AF786039607B689B6823F47C123B68D3
:103FA0001A437B689A6000BF0C37BD465DF8047BFE
:103FB000704780B483B000AF786039607B689B68DD
:103FC00023F0E0723B681A437B689A6000BF0C37AD
:103FD000BD465DF8047B704780B483B000AF786065
:103FE0007B689B6803F0E07318460C37BD465DF8AC
:103FF000047B704780B487B000AFF860B9607A6026
:104000003B60FB6860331A46BB689B0013447B61CE
:104010007B691A68084B13407A6802F0F8413A68E5
:104020000A43134343F000427B691A6000BF1C3708
:10403000BD465DF8047B704700F0FF0380B485B097
:1040400000AF786039607B6860331A463B689B003C
:104050001344FB60FB681B6803F0F84318461437F1
:10406000BD465DF8047B704780B487B000AFF86050
:10407000B9607A60FB6860331A46BB689B001344E2
:104080007B617B691B6823F000427B681A437B6974
:104090001A6000BF1C37BD465DF8047B704780B4D2
:1040A00087B000AFF860B9607A60FB6860331A4689
:1040B000BB689B0013447B617B691B6823F08072A3
:1040C0007B681A437B691A6000BF1C37BD465DF8E8
:1040D000047B704780B487B000AFF860B9607A6045
:1040E000FB6860331A46BB689B0013447B617B69A5
:1040F0001B6823F000727B681A437B691A6000BF5B
:104100001C37BD465DF8047B704780B483B000AFB8
:10411000786039607B685B6923F000423B681A4332
:104120007B685A6100BF0C37BD465DF8047B704761
:1041300080B483B000AF78607B68DB6803F44063D1
:10414000002B01D1012300E0002318460C37BD46A7
:104150005DF8047B704780B487B000AFF860B96049
:104160007A60FB6830331A46BB681B0A9B0003F079
:104170000C0313447B617B691A68BB6803F01F035F
:104180001F2101FA03F3DB431A407B689B0E03F007
:104190001F01BB6803F01F0301FA03F31A437B6995
:1041A0001A6000BF1C37BD465DF8047B704780B4C1
:1041B00087B000AFF860B9607A60FB6814331A46C4
:1041C000BB685B0E9B0003F0040313447B617B69B7
:1041D0001A68BB681B0D03F01F03072101FA03F3E4
:1041E000DB431A40BB681B0D03F01F03796801FA1B
:1041F00003F31A437B691A6000BF1C37BD465DF8A4
:10420000047B704780B485B000AFF860B9607A6015
:10421000FB68D3F8B020BB68C3F31203DB431A403A
:104220007B6803F018030849D940BB680B40C3F30F
:1042300012031A43FB68C3F8B02000BF1437BD4611
:104240005DF8047B704700BFFFFF070080B483B0B8
:1042500000AF78607B689B6803F01F0318460C373B
:10426000BD465DF8047B704780B483B000AF7860D2
:104270007B689B6823F0204323F03F037A689360B8
:1042800000BF0C37BD465DF8047B704780B483B037
:1042900000AF78607B689B6803F00053B3F1005F68
:1042A00001D1012300E0002318460C37BD465DF81C
:1042B000047B704780B483B000AF78607B689B68F4
:1042C00023F0104323F03F0343F080527B689A6051
:1042D00000BF0C37BD465DF8047B704780B483B0E7
:1042E00000AF78607B689B6803F08053B3F1805F18
:1042F00001D1012300E0002318460C37BD465DF8CC
:10430000047B704780B483B000AF78607B689B68A3
:1043100023F0004323F03F0343F001027B689A60DF
:1043200000BF0C37BD465DF8047B704780B483B096
:1043300000AF78607B689B6823F0004323F03F0365
:1043400043F002027B689A6000BF0C37BD465DF8FF
:10435000047B704780B483B000AF78607B689B6853
:1043600003F00103012B01D1012300E000231846D3
:104370000C37BD465DF8047B704780B483B000AF56
:1043800078607B689B6803F00203022B01D1012354
:1043900000E0002318460C37BD465DF8047B7047EB
:1043A00080B483B000AF78607B689B6823F00043E3
:1043B00023F03F0343F004027B689A6000BF0C3790
:1043C000BD465DF8047B704780B483B000AF786071
:1043D0007B689B6803F00403042B01D1012300E0F8
:1043E000002318460C37BD465DF8047B704780B447
:1043F00083B000AF78607B689B6803F00803082BEC
:1044000001D1012300E0002318460C37BD465DF8BA
:10441000047B704790B589B000AF78600023FB77CC
:104420000023FB607B68002B01D101239BE17B68AB
:104430005B69002B7B68DB6D002B09D17868FFF787
:10444000EFF97B6800221A667B68002283F8582007
:104450007B681B681846FFF719FF0346002B04D042
:104460007B681B681846FFF7FFFE7B681B681846D1
:10447000FFF734FF0346002B15D17B681B681846F5
:10448000FFF718FF974B1B689B09974AA2FB032372
:104490009B0901335B00FB6002E0FB68013BFB60B2
:1044A000FB68002BF9D17B681B681846FFF716FFE5
:1044B0000346002B0DD17B68DB6D43F010027B6857
:1044C000DA657B681B6E43F001027B681A66012384
:1044D000FB777B681B681846FFF776FF78617B687F
:1044E000DB6D03F01003002B40F034817B69002B5F
:1044F00040F030817B68DB6D23F4817343F002026E
:104500007B68DA657B681B681846FFF723FF034664
:10451000002B37D17B681B68B3F1A04F04D07B68B8
:104520001B68724A93420FD14FF0A040FFF712FF71
:1045300004466E48FFF70EFF03462343002B0CBFD3
:1045400001230023DBB208E06948FFF703FF0346BD
:10455000002B0CBF01230023DBB2002B12D07B68A1
:104560001B68B3F1A04F04D07B681B685F4A93427D
:1045700001D1604A00E0604A7B685B6819461046DA
:10458000FFF704FD7B685B7F5A037B68DB6B1A4394
:104590007B68DB681A437B689B681A437B6893F8E7
:1045A00024301B041343BB617B6893F82430012B38
:1045B00006D17B689B6A013B5B04BA691343BB610C
:1045C0007B68DB6A002B09D07B68DB6A03F47872B6
:1045D0007B681B6B1343BA691343BB617B681B6821
:1045E000DA68464B13407A681268B9690B43D360A6
:1045F0007B681B681B6923F040617B685A6B7B6892
:104600001B680A431A617B681B681846FFF7EFFEB8
:1046100038617B69002B7BD13B69002B78D17B68AB
:104620001B7F9A037B6893F838305B001343BB61B0
:104630007B681B68DB6823F4804323F002037A68FD
:104640001268B9690B43D3607B681B69002B17D0D4
:104650007B681B681A697B681B6842F480321A61A8
:104660007B681B68D3F8C03023F47F5323F03F03EB
:104670007A6811697A6812680B43C2F8C03013E097
:104680007B681B681A697B681B6822F480321A6198
:104690007B681B68D3F8C0307A68126823F47F53B4
:1046A00023F03F03C2F8C0307B6893F84030012B01
:1046B00026D17B681B681B6923F4FF6323F0040386
:1046C0007A68516C7A68926C11437A68D26C1143A3
:1046D0007A68126D0A431A437B681B6842F0010234
:1046E0001A6115E034000020632D3E0500010050E2
:1046F0000004005000030050000700500740F0FF86
:104700007B681B681A697B681B6822F001021A61CA
:104710007B685B69012B0CD17B681B681B6B23F0EA
:104720000F017B681B6A5A1E7B681B680A431A6369
:1047300007E07B681B681A6B7B681B6822F00F021E
:104740001A637B68DB6D23F0030343F001027B688F
:10475000DA6507E07B68DB6D43F010027B68DA65A1
:104760000123FB77FB7F18462437BD4690BD00BF71
:1047700080B586B000AFF860B9607A60FB681B68EE
:10478000B3F1A04F04D0FB681B68574A934201D194
:10479000564B00E0564B1846FFF758FD3861FB6852
:1047A0001B681846FFF710FE0346002B40F094806C
:1047B000FB6893F85830012B01D102238FE0FB688E
:1047C000012283F85820FB681B684A4A934208D0AC
:1047D0003B69002B05D03B69052B02D03B69092BB7
:1047E00073D1F86800F0CEFC0346FB75FB7D002B0F
:1047F00066D1FB68DB6D23F4706323F0010343F49F
:104800008072FB68DA65FB681B68374A934202D006
:10481000FB681B6801E04FF0A043FA6812689342FE
:1048200002D03B69002B05D1FB68DB6D23F48012BD
:10483000FB68DA65FB68DB6D03F48053002B06D060
:10484000FB681B6E23F00602FB681A6602E0FB6839
:1048500000221A66FB685B6D274ADA62FB685B6DB3
:10486000264A1A63FB685B6D254A5A63FB681B681E
:104870001C221A60FB68002283F85820FB681B6822
:104880005A68FB681B6842F010025A60FB681B689C
:10489000DA68FB681B6842F00102DA60FB68586D59
:1048A000FB681B6840331946BA687B6801F000FE5C
:1048B0000346FB75FB681B681846FFF771FD0DE0AA
:1048C000FB68002283F8582008E00123FB75FB6891
:1048D000002283F8582001E00223FB75FB7D184677
:1048E0001837BD4680BD00BF0001005000030050D6
:1048F00000070050000400506F53000847540008A0
:104900006354000880B483B000AF786000BF0C37F8
:10491000BD465DF8047B704780B483B000AF78601B
:1049200000BF0C37BD465DF8047B704780B5B6B05C
:1049300000AF78603960002387F8D7300023FB6030
:104940007B6893F85830012B02D1022300F004BC9D
:104950007B68012283F858207B681B681846FFF7A4
:1049600033FD0346002B40F0E8837B6818683B6802
:1049700059683B681B681A46FFF7EDFB7B681B68AC
:104980001846FFF721FDC7F8D0007B681B68184662
:10499000FFF72DFDC7F8CC00D7F8D030002B40F042
:1049A000D981D7F8CC30002B40F0D4813B689B688C
:1049B000B3F1004F0FD17B6818683B681B68002279
:1049C0001946FFF7F4FB7B681B684FF0004118465F
:1049D000FFF79BFB0EE07B6818683B6819683B6833
:1049E0009B681A46FFF7E3FB7B681B6800211846AB
:1049F000FFF78BFB3B685A697B681B68DB68DB0849
:104A000003F003035B0002FA03F3C7F8C8303B6806
:104A10001B69042B22D07B6818683B6819693B68C6
:104A20001A68D7F8C830FFF7E5FA7B6818683B6862
:104A300019693B689B691A46FFF731FB7B68186868
:104A40003B6819693B681B7F012B02D14FF0007353
:104A500000E000231A46FFF73DFB7BE17B681B6803
:104A600000211846FFF7EAFA0346C3F31203002BAE
:104A70000AD17B681B6800211846FFF7DFFA03465E
:104A80009B0E03F01F021EE07B681B680021184686
:104A9000FFF7D4FA0346C7F8BC30D7F8BC3093FA16
:104AA000A3F3C7F8B830D7F8B830C7F8C030D7F894
:104AB000C030002B01D1202304E0D7F8C030B3FA76
:104AC00083F3DBB21A463B681B68C3F31203002B67
:104AD00005D13B681B689B0E03F01F0318E03B6881
:104AE0001B68C7F8B030D7F8B03093FAA3F3C7F813
:104AF000AC30D7F8AC30C7F8B430D7F8B430002BAE
:104B000001D1202304E0D7F8B430B3FA83F3DBB249
:104B10009A4206D17B681B68002200211846FFF7E5
:104B2000A3FA7B681B6801211846FFF787FA034642
:104B3000C3F31203002B0AD17B681B6801211846BE
:104B4000FFF77CFA03469B0E03F01F021EE07B6812
:104B50001B6801211846FFF771FA0346C7F8A43015
:104B6000D7F8A43093FAA3F3C7F8A030D7F8A03051
:104B7000C7F8A830D7F8A830002B01D1202304E0D3
:104B8000D7F8A830B3FA83F3DBB21A463B681B6848
:104B9000C3F31203002B05D13B681B689B0E03F087
:104BA0001F0318E03B681B68C7F89830D7F89830A7
:104BB00093FAA3F3C7F89430D7F89430C7F89C3031
:104BC000D7F89C30002B01D1202304E0D7F89C308B
:104BD000B3FA83F3DBB29A4206D17B681B680022EA
:104BE00001211846FFF740FA7B681B68022118462E
:104BF000FFF724FA0346C3F31203002B0AD17B68A4
:104C00001B6802211846FFF719FA03469B0E03F0B2
:104C10001F021EE07B681B6802211846FFF70EFA90
:104C20000346C7F88C30D7F88C3093FAA3F3C7F853
:104C30008830D7F88830C7F89030D7F89030002BFC
:104C400001D1202304E0D7F89030B3FA83F3DBB22C
:104C50001A463B681B68C3F31203002B05D13B685F
:104C60001B689B0E03F01F0316E03B681B68C7F828
:104C70008030D7F8803093FAA3F3FB67FB6FC7F857
:104C80008430D7F88430002B01D1202304E0D7F8FA
:104C90008430B3FA83F3DBB29A4206D17B681B6897
:104CA000002202211846FFF7DFF97B681B68032109
:104CB0001846FFF7C3F90346C3F31203002B0AD1CA
:104CC0007B681B6803211846FFF7B8F903469B0E63
:104CD00003F01F0217E07B681B6803211846FFF7EB
:104CE000ADF903467B677B6F93FAA3F33B673B6F9A
:104CF000BB67BB6F002B01D1202303E0BB6FB3FA6E
:104D000083F3DBB21A463B681B68C3F31203002B24
:104D100005D13B681B689B0E03F01F0311E03B6845
:104D20001B68BB66BB6E93FAA3F37B667B6EFB6668
:104D3000FB6E002B01D1202303E0FB6EB3FA83F35B
:104D4000DBB29A4206D17B681B6800220321184619
:104D5000FFF78AF97B681B681846FFF7FBFA0346E2
:104D6000002B40F03D817B6818683B6819683B6800
:104D7000DB681A46FFF746FA3B68DB68A24A9342B3
:104D800040F02E817B6818683B681B68C3F31203F0
:104D9000002B0BD13B681B689B0E013303F01F03F4
:104DA000092B94BF01230023DBB219E03B681B6889
:104DB000FB65FB6D93FAA3F3BB65BB6D3B663B6E76
:104DC000002B01D1202303E03B6EB3FA83F3DBB267
:104DD000013303F01F03092B94BF01230023DBB22F
:104DE000002B79D03B681B68C3F31203002B07D15B
:104DF0003B681B689B0E01339B0603F0F84215E0ED
:104E00003B681B683B653B6D93FAA3F3FB64FB6C4B
:104E10007B657B6D002B01D1202303E07B6DB3FA12
:104E200083F3DBB201339B0603F0F8423B681B6857
:104E3000C3F31203002B09D13B681B689B0E01339F
:104E400003F01F03012101FA03F317E03B681B681D
:104E50007B647B6C93FAA3F33B643B6CBB64BB6CDD
:104E6000002B01D1202303E0BB6CB3FA83F3DBB248
:104E7000013303F01F03012101FA03F342EA0301A6
:104E80003B681B68C3F31203002B0AD13B681B6805
:104E90009B0E013303F01F0213465B0013441B05F6
:104EA00018E03B681B68BB63BB6B93FAA3F37B639F
:104EB0007B6BFB63FB6B002B01D1202303E0FB6BBF
:104EC000B3FA83F3DBB2013303F01F0213465B0036
:104ED00013441B050B437EE03B681B68C3F31203BE
:104EE000002B07D13B681B689B0E01339B0603F028
:104EF000F84215E03B681B68FB62FB6A93FAA3F378
:104F0000BB62BB6A3B633B6B002B01D1202303E0F8
:104F10003B6BB3FA83F3DBB201339B0603F0F84239
:104F20003B681B68C3F31203002B09D13B681B6865
:104F30009B0E013303F01F03012101FA03F317E075
:104F40003B681B683B623B6A93FAA3F3FB61FB6916
:104F50007B627B6A002B01D1202303E07B6AB3FADA
:104F600083F3DBB2013303F01F03012101FA03F3E2
:104F700042EA03013B681B68C3F31203002B0DD107
:104F80003B681B689B0E013303F01F0213465B0056
:104F900013441E3B1B0543F000731BE03B681B687A
:104FA0007B617B6993FAA3F33B613B69BB61BB699E
:104FB000002B01D1202303E0BB69B3FA83F3DBB2FA
:104FC000013303F01F0213465B0013441E3B1B0515
:104FD00043F000730B433A6892681946FFF7E7F80D
:104FE0003B681A68094B1340002B00F0AF807B68C8
:104FF0001B68B3F1A04F04D07B681B68044A93423E
:105000000AD1044B09E000BF00007F400000088087
:105010000001005000030050514B1846FEF7DCFF22
:10502000C7F8C4003B681B684E4A934204D03B68F3
:105030001B684D4A934234D1D7F8C43003F40003BF
:10504000002B2ED17B681B68B3F1A04F7ED17B680B
:105050001B68B3F1A04F04D07B681B68434A93429E
:1050600001D1434A00E03E4AD7F8C43043F400037C
:1050700019461046FEF79DFF3E4B1B689B093E4AB2
:10508000A2FB03239B095A1C13465B0013449B009D
:10509000FB6002E0FB68013BFB60FB68002BF9D181
:1050A00054E03B681B68354A934220D1D7F8C4309E
:1050B00003F08073002B1AD17B681B68B3F1A04FFB
:1050C00044D17B681B68B3F1A04F04D07B681B6898
:1050D000264A934201D1264A00E0214AD7F8C4303B
:1050E00043F0807319461046FEF763FF2EE03B68DD
:1050F0001B68234A934229D1D7F8C43003F48003B4
:10510000002B23D17B681B68184A93421ED07B6812
:105110001B68B3F1A04F04D07B681B68134A93420D
:1051200001D1134A00E00E4AD7F8C43043F480039B
:1051300019461046FEF73DFF08E07B68DB6D43F043
:1051400020027B68DA65012387F8D7307B6800226C
:1051500083F8582097F8D7301846D837BD4680BD19
:1051600000070050000021C31000C0900001005053
:105170000003005034000020632D3E05000052C79C
:10518000000084CB80B584B000AF78600023BB60A2
:105190007B681B681846FFF7DDF80346002B76D1C5
:1051A0007B681B689A683C4B1340002B0DD07B68D2
:1051B000DB6D43F010027B68DA657B681B6E43F0A1
:1051C00001027B681A66012362E07B681B6818464F
:1051D000FFF798F87B681B68B3F1A04F04D07B6899
:1051E0001B682E4A934201D12D4B00E02D4B1846EF
:1051F000FEF7F2FE034603F40003002B13D02A4B04
:105200001B689B09294AA2FB03239B095A1C1346CE
:105210005B0013449B00BB6002E0BB68013BBB60CA
:10522000BB68002BF9D1FCF747F8F86028E07B68F1
:105230001B681846FFF78EF80346002B04D17B68E5
:105240001B681846FFF75EF8FCF736F80246FB6865
:10525000D31A022B14D97B681B681B6803F0010367
:10526000012B0DD07B68DB6D43F010027B68DA65A3
:105270007B681B6E43F001027B681A66012307E01E
:105280007B681B681B6803F00103012BCFD100234F
:1052900018461037BD4680BD3F0000800001005019
:1052A000000300500007005034000020632D3E052D
:1052B00080B584B000AF78607B681B681846FFF744
:1052C0005CF8F8607B681B681846FFF743F80346F4
:1052D000002B47D0FB68002B44D17B681B689B6880
:1052E00003F00D03012B0CD17B681B681846FFF7F8
:1052F0001DF87B681B6803221A60FBF7DDFFB860AE
:1053000029E07B68DB6D43F010027B68DA657B681F
:105310001B6E43F001027B681A66012323E0FBF752
:10532000CBFF0246BB68D31A022B14D97B681B68DB
:105330009B6803F00103002B0DD07B68DB6D43F00D
:1053400010027B68DA657B681B6E43F001027B68A4
:105350001A66012307E07B681B689B6803F0010362
:10536000002BDCD1002318461037BD4680BD80B528
:1053700084B000AF78607B689B6AFB60FB68DB6D84
:1053800003F05003002B4BD1FB68DB6D43F400723C
:10539000FB68DA65FB681B681B6803F00803002BD9
:1053A00021D0FB681B681846FEF7C2FE0346002B9F
:1053B00032D0FB681B68DB6803F40053002B2BD151
:1053C000FB68DB6D23F48072FB68DA65FB68DB6DDC
:1053D00003F48053002B1FD1FB68DB6D43F0010207
:1053E000FB68DA6518E0FB681B68DB6803F0020302
:1053F000002B11D1FB68DB6D23F48072FB68DA654A
:10540000FB68DB6D03F48053002B05D1FB68DB6D7B
:1054100043F00102FB68DA65F868FBF7C5F90EE0B6
:10542000FB68DB6D03F01003002B03D0F868FFF777
:1054300073FA04E0FB685B6D5B6B7868984700BFAC
:105440001037BD4680BD80B584B000AF78607B6802
:105450009B6AFB60F868FFF755FA00BF1037BD463E
:1054600080BD80B584B000AF78607B689B6AFB60CC
:10547000FB68DB6D43F04002FB68DA65FB681B6E7E
:1054800043F00402FB681A66F868FFF745FA00BFAC
:105490001037BD4680BD80B483B000AF78607B68B4
:1054A0009B6803F00103012B01D1012300E00023DD
:1054B00018460C37BD465DF8047B704780B483B056
:1054C00000AF786039607B689B6823F0404323F02D
:1054D0003F033A6802F08042134343F000427B6886
:1054E0009A6000BF0C37BD465DF8047B704780B4FE
:1054F00083B000AF78607B689B6803F00043B3F132
:10550000004F01D1012300E0002318460C37BD46AF
:105510005DF8047B704780B483B000AF78607B682F
:105520009B6803F00403042B01D1012300E0002356
:1055300018460C37BD465DF8047B704780B584B0D3
:1055400000AF786039600023BB607B6893F8583007
:10555000012B01D102234DE07B68012283F8582002
:105560007868FFF7A5FE0346FB73FB7B002B36D163
:105570007B68DB6D23F4885323F0020343F00202BF
:105580007B68DA657B681B6839681846FFF796FF09
:1055900014E0BB680133BB60BB68184A93420DD965
:1055A0007B68DB6D23F0120343F010027B68DA6541
:1055B0007B68002283F8582001231BE07B681B686E
:1055C0001846FFF794FF0346002BE2D17B68DB6DA2
:1055D00023F0030343F001027B68DA6505E07B6892
:1055E000DB6D43F010027B68DA657B68002283F88C
:1055F0005820FB7B18461037BD4680BD01DE0400F5
:1056000090B5A1B000AF78603960002387F87F3093
:105610007B6893F85830012B01D10223CBE07B68E3
:10562000012283F8582000237B660023BB667B6839
:105630001B68B3F1A04F02D1614BBB6001E00023B6
:10564000BB60BB68002B0BD17B68DB6D43F0200295
:105650007B68DA657B68002283F858200123AAE082
:10566000BB681846FFF757FFB8677B681B6818468A
:10567000FFF751FF0346002B40F08C80BB6F002BDF
:1056800040F088807B681B68B3F1A04F04D07B6832
:105690001B684B4A934201D14A4B00E04A4B7B675F
:1056A0003B681B68002B41D07B6F9B6823F46042F2
:1056B0003B6859687B6893F838305B030B431A43A7
:1056C0007B6F9A607B681B68B3F1A04F04D07B6846
:1056D0001B683B4A93420FD14FF0A040FFF7DBFE1F
:1056E00004463748FFF7D7FE03462343002B0CBF81
:1056F00001230023DBB208E03448FFF7CCFE034669
:10570000002B0CBF01230023DBB2002B4CD07B6F9E
:105710009B6823F4716323F00F033A6811683A68B9
:1057200092680A431A437B6F9A603DE07B6F9B68E7
:1057300023F460427B6F9A607B681B68B3F1A04FD3
:1057400004D07B681B681E4A93420FD14FF0A040E3
:10575000FFF7A1FE04461A48FFF79DFE03462343C8
:10576000002B0CBF01230023DBB208E01748FFF732
:1057700092FE0346002B0CBF01230023DBB2002B5B
:1057800012D07B6F9B6823F4716323F00F037A6F51
:10579000936009E07B68DB6D43F020027B68DA658B
:1057A000012387F87F3000E000BF7B68002283F888
:1057B000582097F87F3018468437BD4690BD00BF0B
:1057C000000100500003005000070050000400508A
:1057D00080B485B000AF78607B6803F00703FB609E
:1057E0000C4BDB68BB60BA684FF6FF031340BB602D
:1057F000FB681A02BB68134343F0BF6343F40033F2
:10580000BB60044ABB68D36000BF1437BD465DF877
:10581000047B704700ED00E080B400AF044BDB6810
:105820001B0A03F007031846BD465DF8047B70476A
:1058300000ED00E080B483B000AF0346FB7197F940
:105840000730002B0BDBFB7903F01F02074997F9A8
:1058500007305B09012000FA02F241F8232000BF63
:105860000C37BD465DF8047B704700BF00E100E0E7
:1058700080B483B000AF0346FB7197F90730002B6B
:1058800012DBFB7903F01F020A4997F907305B0925
:10589000012000FA02F2203341F82320BFF34F8F9A
:1058A00000BFBFF36F8F00BF00BF0C37BD465DF870
:1058B000047B704700E100E080B483B000AF034692
:1058C0003960FB7197F90730002B0ADB3B68DAB2CD
:1058D0000C4997F907301201D2B20B4483F8002328
:1058E0000AE03B68DAB20849FB7903F00F03043B96
:1058F0001201D2B20B441A7600BF0C37BD465DF8D8
:10590000047B704700E100E000ED00E080B489B066
:1059100000AFF860B9607A60FB6803F00703FB61D1
:10592000FB69C3F10703042B28BF0423BB61FB6998
:105930000433062B02D9FB69033B00E000237B61A3
:105940004FF0FF32BB6902FA03F3DA43BB681A4037
:105950007B699A404FF0FF317B6901FA03F3D94329
:105960007B680B40134318462437BD465DF8047B23
:105970007047000080B582B000AF78607B68013B63
:10598000B3F1807F01D301230FE00A4A7B68013B1A
:1059900053600F214FF0FF30FFF78EFF054B0022C1
:1059A0009A60044B07221A60002318460837BD4648
:1059B00080BD00BF10E000E080B582B000AF78602D
:1059C0007868FFF705FF00BF0837BD4680BD80B58A
:1059D00086B000AF0346B9607A60FB73FFF71CFF27
:1059E00078617A68B9687869FFF790FF024697F99D
:1059F0000F3011461846FFF75FFF00BF1837BD464E
:105A000080BD80B582B000AF0346FB7197F90730C7
:105A10001846FFF70FFF00BF0837BD4680BD80B5B1
:105A200082B000AF0346FB7197F907301846FFF7C5
:105A30001FFF00BF0837BD4680BD80B582B000AFF4
:105A400078607868FFF796FF034618460837BD462A
:105A500080BD80B500AF00F002F800BF80BD80B40B
:105A600000AF00BFBD465DF8047B704780B582B0D3
:105A700000AF78607B68002B01D1012354E07B6884
:105A80005B7FDBB2002B05D17B6800221A77786838
:105A9000FDF7C8FF7B6802225A777B681B79002BD1
:105AA0000CD17B681B68224A5A617B681B689A6824
:105AB0007B681B6822F018029A600CE07B6899688A
:105AC0007B68DB681A46786800F048F90346002BCB
:105AD00001D0012328E07B685B79002B05D17B682E
:105AE0001B684FF0FF321A6104E07B681B687A681C
:105AF00012691A617B681B689B6823F060017B68F0
:105B00005A697B681B680A439A607B681B689B68BC
:105B100023F080017B689A697B681B680A439A605E
:105B20007B6801225A77002318460837BD4680BD9E
:105B3000B71DC10480B586B000AFF860B9607A6067
:105B400000233B61FB6802225A77FB681B689A6856
:105B5000FB681B6842F001029A60FB681B6A032B1A
:105B600006D0032B29D8012B19D0022B1ED024E0FC
:105B700000237B610AE07B699B00BA681A44FB68DA
:105B80001B6812681A607B6901337B617A697B68E4
:105B90009A42F0D3FB681B681B683B610EE07A6891
:105BA000B968F86800F012F8386107E07A68B968F7
:105BB000F86800F099F8386100E000BFFB68012246
:105BC0005A773B6918461837BD4680BD80B489B006
:105BD00000AFF860B9607A600023FB6123E0FB69E5
:105BE0009B00BA6813441B781A06FB699B000133BB
:105BF000B9680B441B781B041A43FB699B000233F2
:105C0000B9680B441B781B021A43FB699B000333E2
:105C1000B9680B441B781946FB681B680A431A6075
:105C2000FB690133FB617B689B08FA699A42D6D312
:105C30007B6803F00303002B4DD07B6803F0030364
:105C4000012B07D1FB699B00BA681344FA681268FC
:105C50001B7813707B6803F00303022B16D1FB69DA
:105C60009B00BA6813441B781B021AB2FB699B00A5
:105C70000133B9680B441B781BB213431BB27B83FF
:105C8000FB681B687B617B697A8B1A807B6803F0F9
:105C90000303032B1FD1FB699B00BA6813441B78D5
:105CA0001B021AB2FB699B000133B9680B441B78D5
:105CB0001BB213431BB27B83FB681B687B617B6950
:105CC0007A8B1A80FB699B000233BA681344FA6826
:105CD00012681B781370FB681B681B681846243712
:105CE000BD465DF8047B704780B487B000AFF860B4
:105CF000B9607A6000237B6113E07B699B00BA681E
:105D000013441B881A047B699B000233B9680B4457
:105D10001B881946FB681B680A431A607B690133BC
:105D20007B617B685B087A699A42E6D37B6803F003
:105D30000103002B09D0FB681B683B617B699B005A
:105D4000BA6813441A883B691A80FB681B681B6891
:105D500018461C37BD465DF8047B704780B487B099
:105D600000AFF860B9607A600023FB751F233B61C8
:105D7000BB6803F00103002B02D10123FB7563E034
:105D800000BF3B695A1E3A61002B09D03B6903F002
:105D90001F03BA6822FA03F303F00103002BF0D0CB
:105DA0007B68182B46D801A252F823F03B5E00080E
:105DB000355E0008355E0008355E0008355E000877
:105DC000355E0008355E0008355E0008295E000873
:105DD000355E0008355E0008355E0008355E000857
:105DE000355E0008355E0008355E00081D5E00085F
:105DF000355E0008355E0008355E0008355E000837
:105E0000355E0008355E0008355E0008115E00084A
:105E10003B69062B13D90123FB7510E03B69072B67
:105E20000FD90123FB750CE03B690F2B0BD9012324
:105E3000FB7508E00123FB7506E000BF04E000BF2E
:105E400002E000BF00E000BFFB7D002B0DD1FB682E
:105E50001B68BA685A61FB681B689B6823F01801CD
:105E6000FB681B687A680A439A60FB7D18461C37FA
:105E7000BD465DF8047B704780B582B000AF7860A6
:105E80007B68002B01D1012314E07B681B79DBB216
:105E9000002B05D17B6800225A717868FDF7E2FD7E
:105EA0007B6802221A717B6800221A617B680122DA
:105EB0001A71002318460837BD4680BD80B485B0EE
:105EC00000AF786039607B68002B01D1012356E078
:105ED0007B685B79012B01D1022350E07B680122B2
:105EE0005A717B6802221A717B681B6819683B68CB
:105EF00003F0100301229A407B681B680A431A6072
:105F0000224B1B689B09224AA2FB03239B090133F6
:105F1000FB6002E0FB68013BFB60FB68002BF9D1F2
:105F20003B68002B0FD17B681B681B6803F03E03A6
:105F3000022B1DD17B681B685A687B681B6842F086
:105F400001025A6014E07B681B681B6803F4781236
:105F50003B6803F01003022101FA03F39A4207D1D0
:105F60007B681B685A687B681B6842F002025A60B3
:105F70007B6801221A717B6800225A71002318463F
:105F80001437BD465DF8047B704700BF3400002025
:105F9000632D3E0580B487B000AFF860B9607A60C9
:105FA0003B6000237B61FB68002B01D1012318E0DB
:105FB000FB681B68DB6BFB681B687B61BB68002BA5
:105FC00005D17A697B68134408337B6104E07A6900
:105FD0007B68134414337B617B691A463B6813600A
:105FE000002318461C37BD465DF8047B704700004F
:105FF00080B58AB000AFF860B9607A600023FB77A3
:10600000FB68002B02D0BB68002B01D101239EE16D
:10601000FB685B79012B01D1022398E1FB68012227
:106020005A71FB6802221A71BB689B68042B7AD1F3
:10603000FBF742F9B8617B68002B3DD118E0FBF714
:106040003BF90246BB69D31A012B11D9FB681B68C7
:106050005B6B03F40043002B0AD0FB681B6943F021
:106060000802FB681A61FB6803221A7103236EE1C0
:10607000FB681B685B6B03F40043002BDFD1FB68FC
:106080001B68BA68526A1A6420E0FBF715F90246E9
:10609000BB69D31A012B0FD9FB681B685B6B002B04
:1060A0000ADAFB681B6943F00802FB681A61FB68A7
:1060B00003221A7103234AE1FB681B685B6B002B08
:1060C000E3DBFB681B68BA68526A5A64FB681B68AA
:1060D0009A6C7B6803F0100340F2FF3101FA03F37E
:1060E000DB4302EA0301BB689A6A7B6803F0100392
:1060F0009A40FB681B680A439A64FB681B68DA6C69
:106100007B6803F01003FF2101FA03F3DB4302EA8B
:106110000301BB68DA6A7B6803F010039A40FB68EE
:106120001B680A43DA64BB68DB69012B1DD1FB687D
:106130001B689B6B7B627B6803F010031F2202FAD3
:1061400003F3DB437A6A13407B62BB681B6A7B61A3
:106150007B6803F010037A6902FA03F37A6A134347
:106160007B62FB681B687A6A9A63FB681B68DB6B5F
:106170007B627B6803F01003072202FA03F3DB4320
:106180007A6A13407B62BB689B69012B02D10023B2
:106190003B620FE0BB689B69022B02D101233B628B
:1061A00008E0BB685B69002B02D101233B6201E080
:1061B00000233B62BB689A68BB685B6913433A6A19
:1061C00013437B617B6803F010034FF4807202FA83
:1061D00003F3DB437A6A13407B62BB681B79012BB4
:1061E00002D14FF4807300E000237A6913437B618E
:1061F0007B6803F010034FF4007202FA03F3DB43F1
:106200007A6A13407B62BB685B79012B02D14FF441
:10621000007300E000237A6913437B617B6A23F4F7
:1062200040437B62BB681B68022B14D101F058FD10
:1062300038613B69484A934204D97B6A43F400437E
:106240007B620FE03B69454A93420AD97B6A43F47B
:1062500080437B6206E0BB681B687A6A13437B62FB
:1062600000E000BF7B6803F010037A6902FA03F3D1
:106270007A6A13437B62FB681B687A6ADA63FB689D
:106280001B6819687B6803F010034FF4804202FA20
:1062900003F3DA43FB681B680A401A60FB681B685B
:1062A0001B687B627B6803F0100340F6FE7202FA03
:1062B00003F3DB437A6A13407B62BB68DB687B6174
:1062C0007B6803F010037A6902FA03F37A6A1343D6
:1062D0007B62FB681B687A6A1A60FB681B68196836
:1062E0007B6803F01003C02202FA03F3DA43FB6871
:1062F0001B680A401A60BB68DB689B0803F00F0349
:106300007B61BB681B699B081B0203F470637A699D
:1063100013437B61FB681B681A6E7B6803F01003F4
:1063200040F60F7101FA03F3DB4302EA03017B68D5
:1063300003F010037A699A40FB681B680A431A66E7
:10634000FB6801221A71FB6800225A71FB7F184614
:106350002837BD4680BD00BF0068890900B4C40469
:1063600080B584B000AF78607B68002B01D1012339
:106370008DE07B681B681A46474B9A420FD87B68B2
:106380001B681A46454B1344454AA2FB03231B09CD
:106390009A007B685A647B68424A1A640EE07B6804
:1063A0001B681A46404B13443D4AA2FB03231B09BA
:1063B0009A007B685A647B683C4A1A647B680222B4
:1063C00083F825207B681B681B68FB60FB6823F44F
:1063D000FF4323F07003FB607B689A687B68DB688F
:1063E0001A437B681B691A437B685B691A437B68A5
:1063F0009B691A437B68DB691A437B681B6A1343FA
:10640000FA681343FB607B681B68FA681A60786857
:1064100000F076FA7B689B68B3F5804F02D17B6809
:1064200000225A607B685A687B689B6CD2B21A6003
:106430007B68DB6C7A68126D5A607B685B68002B46
:1064400010D07B685B68042B0CD8786800F096FA53
:106450007B685B6D00221A607B689B6D7A68D26DE9
:106460005A6008E07B6800225A657B6800229A65C2
:106470007B680022DA657B680022DA637B68012290
:1064800083F825207B68002283F824200023184607
:106490001037BD4680BD00BF07040240F8FFFDBFB6
:1064A000CDCCCCCC00000240F8FBFDBF0004024084
:1064B00080B586B000AFF860B9607A603B600023B9
:1064C000FB75FB6893F82430012B01D1022366E0B1
:1064D000FB68012283F82420FB6893F82530DBB2A7
:1064E000012B55D1FB68022283F82520FB6800228E
:1064F000DA63FB681B681A68FB681B6822F00102FC
:106500001A603B687A68B968F86800F0BBF9FB6804
:106510001B6B002B08D0FB681B681A68FB681B68A4
:1065200042F00E021A600FE0FB681B681A68FB68F5
:106530001B6822F004021A60FB681B681A68FB687B
:106540001B6842F00A021A60FB689B6C1B6803F42C
:106550008033002B07D0FB689B6C1A68FB689B6C30
:1065600042F480721A60FB685B6D002B07D0FB68F9
:106570005B6D1A68FB685B6D42F480721A60FB68A1
:106580001B681A68FB681B6842F001021A6005E08C
:10659000FB68002283F824200223FB75FB7D18464C
:1065A0001837BD4680BD80B485B000AF7860002349
:1065B000FB737B6893F82530DBB2022B05D07B6838
:1065C0000422DA630123FB7337E07B681B681A68D7
:1065D0007B681B6822F00E021A607B689B6C1A684D
:1065E0007B689B6C22F480721A607B681B681A6857
:1065F0007B681B6822F001021A607B685B6C03F009
:106600001F027B681B6C012101FA02F25A607B6851
:10661000DB6C7A68126D5A607B685B6D002B0CD066
:106620007B685B6D1A687B685B6D22F480721A6010
:106630007B689B6D7A68D26D5A607B68012283F813
:1066400025207B68002283F82420FB7B1846143722
:10665000BD465DF8047B704780B584B000AF7860BC
:106660000023FB737B6893F82530DBB2022B0DD03F
:106670007B680422DA637B68012283F825207B682B
:10668000002283F824200123FB7347E07B681B680A
:106690001A687B681B6822F00E021A607B681B6810
:1066A0001A687B681B6822F001021A607B689B6C89
:1066B0001A687B689B6C22F480721A607B685B6C42
:1066C00003F01F027B681B6C012101FA02F25A6081
:1066D0007B68DB6C7A68126D5A607B685B6D002B9F
:1066E0000CD07B685B6D1A687B685B6D22F48072EE
:1066F0001A607B689B6D7A68D26D5A607B68012254
:1067000083F825207B68002283F824207B689B6B1C
:10671000002B03D07B689B6B78689847FB7B1846FF
:106720001037BD4680BD80B584B000AF78607B680F
:106730001B6C1B68FB607B681B681B68BB607B680D
:106740005B6C03F01F0304229A40FB681340002B8C
:1067500026D0BB6803F00403002B21D07B681B68A4
:106760001B6803F02003002B07D17B681B681A68A5
:106770007B681B6822F004021A607B685B6C03F084
:106780001F027B681B6C042101FA02F25A607B68CD
:106790001B6B002B71D07B681B6B786898476CE093
:1067A0007B685B6C03F01F0302229A40FB68134076
:1067B000002B2ED0BB6803F00203002B29D07B688E
:1067C0001B681B6803F02003002B0BD17B681B6840
:1067D0001A687B681B6822F00A021A607B68012233
:1067E00083F825207B685B6C03F01F027B681B6CC1
:1067F000022101FA02F25A607B68002283F8242009
:106800007B68DB6A002B38D07B68DB6A7868984746
:1068100033E07B685B6C03F01F0308229A40FB683F
:106820001340002B2AD0BB6803F00803002B25D0AF
:106830007B681B681A687B681B6822F00E021A606E
:106840007B685B6C03F01F027B681B6C012101FA03
:1068500002F25A607B680122DA637B68012283F8C6
:1068600025207B68002283F824207B685B6B002B4B
:1068700004D07B685B6B7868984700BF00BF103717
:10688000BD4680BD80B485B000AFF860B9607A6065
:106890003B60FB68DB6CFA68126D5A60FB685B6DED
:1068A000002B04D0FB689B6DFA68D26D5A60FB68C0
:1068B0005B6C03F01F02FB681B6C012101FA02F202
:1068C0005A60FB681B683A685A60FB689B68102B2B
:1068D00008D1FB681B687A689A60FB681B68BA6815
:1068E000DA6007E0FB681B68BA689A60FB681B689F
:1068F0007A68DA6000BF1437BD465DF8047B7047E4
:1069000080B487B000AF78607B681B681A46164B6E
:106910009A4202D8154B7B6101E0154B7B617B6984
:106920003B617B681B68DBB2083B124AA2FB032376
:106930001B09FB607B685B6C9B089A003B691344F6
:106940001A467B689A647B680B4ADA64FB6803F03A
:106950001F0301229A407B681A6500BF1C37BD46A1
:106960005DF8047B704700BF070402400008024046
:1069700020080240CDCCCCCC8008024080B485B049
:1069800000AF78607B685B68DBB2FB60FA680B4B3A
:1069900013449B001A467B685A657B68084A9A65CF
:1069A000FB68013B03F01F0301229A407B68DA6514
:1069B00000BF1437BD465DF8047B70473F8200106E
:1069C0004009024080B487B000AF7860396000238E
:1069D0007B615AE13B681A6801217B6901FA03F384
:1069E0001340FB60FB68002B00F04C813B685B6848
:1069F00003F00303012B05D03B685B6803F003033E
:106A0000022B30D17B689B683B617B695B00032272
:106A100002FA03F3DB433A6913403B613B68DA68EF
:106A20007B695B0002FA03F33A6913433B617B68BD
:106A30003A699A607B685B683B6101227B6902FA74
:106A400003F3DB433A6913403B613B685B681B0916
:106A500003F001027B6902FA03F33A6913433B61D5
:106A60007B683A695A603B685B6803F00303032B59
:106A700017D07B68DB683B617B695B00032202FA0D
:106A800003F3DB433A6913403B613B689A687B69D7
:106A90005B0002FA03F33A6913433B617B683A698E
:106AA000DA603B685B6803F00303022B23D17B6948
:106AB000DA087B68083253F822303B617B6903F0C7
:106AC00007039B000F2202FA03F3DB433A691340EA
:106AD0003B613B681A697B6903F007039B0002FA7C
:106AE00003F33A6913433B617B69DA087B68083238
:106AF000396943F822107B681B683B617B695B0046
:106B0000032202FA03F3DB433A6913403B613B681B
:106B10005B6803F003027B695B0002FA03F33A69E6
:106B200013433B617B683A691A603B685B6803F416
:106B30004033002B00F0A6805B4B1B6E5A4A43F09B
:106B400001031366584B1B6E03F00103BB60BB6867
:106B5000564A7B699B08023352F823303B617B69BC
:106B600003F003039B000F2202FA03F3DB433A69AD
:106B700013403B617B68B3F1904F1FD07B684C4A58
:106B8000934219D07B684B4A934213D07B684A4AA0
:106B900093420DD07B68494A934207D07B68484AAC
:106BA000934201D105230AE0062308E0042306E00E
:106BB000032304E0022302E0012300E000237A69BA
:106BC00002F00302920093403A6913433B61374954
:106BD0007B699B0802333A6941F82320394B9B6853
:106BE0003B61FB68DB433A6913403B613B685B6890
:106BF00003F48013002B03D03A69FB6813433B6115
:106C0000304A3B6993602F4BDB683B61FB68DB4399
:106C10003A6913403B613B685B6803F40013002B47
:106C200003D03A69FB6813433B61264A3B69D36052
:106C3000244B5B683B61FB68DB433A6913403B6173
:106C40003B685B6803F40033002B03D03A69FB68B0
:106C500013433B611B4A3B6953601A4B1B683B6102
:106C6000FB68DB433A6913403B613B685B6803F4B4
:106C70008033002B03D03A69FB6813433B61114A10
:106C80003B6913607B6901337B613B681A687B69F0
:106C900022FA03F3002B7FF49DAE00BF00BF1C3728
:106CA000BD465DF8047B70470010024000000140C3
:106CB0000004004800080048000C0048001000488C
:106CC000001400480004014080B584B000AF786033
:106CD0000023FB737B68002B01D10123BBE07B68A1
:106CE00093F83A30DBB2052B01D10123B3E07B6886
:106CF00093F83A30DBB2022B01D10123ABE0584BC1
:106D00001B6E574A43F001031366554B1B6E03F08D
:106D10000103BB60BB687B6893F83A30DBB2002BA1
:106D200003D17B68002283F839207868FCF7D8FE0D
:106D30007B689B68402B03D07B689B68602B33D1BA
:106D40007B681B681B6823F010017B68DA6A7B682C
:106D50001B680A431A607B681B681A68414B134022
:106D60007A6851687A68926811437A6812690A43AE
:106D70007968097D012902D14FF4807100E000217A
:106D800011437A68526A11437A68926A11437A68A9
:106D9000126BD20411437A68526B120611437A685F
:106DA00012680B43136035E07B681B681B6823F097
:106DB00010017B68DA6A7B681B680A431A607B688B
:106DC0001B681A68274B13407A6851687A68926882
:106DD00011437A68D26811437A6812690A43796864
:106DE000097D012902D14FF4807100E00021114397
:106DF0007A68526A11437A68926A11437A68126B10
:106E0000D20411437A68526B120611437A681268F1
:106E10000B4313607B681B689B69002B10DB7B684E
:106E20001B689B6923F03F017B689A697B68DB697B
:106E30001A437B681B6A1A437B681B680A439A6182
:106E40007B6893F83A30DBB2002B03D17B680122D8
:106E500083F83A20FB7B18461037BD4680BD00BF43
:106E600000100240113E00E080B485B000AF7860B1
:106E70000023FB737B68002B02D10123FB731DE011
:106E80007B6893F83A30DBB2052B02D10123FB7308
:106E900014E07B6893F83A30DBB2012B0CD17B68AD
:106EA0001B681A687B681B6842F001021A607B68E5
:106EB000042283F83A2001E00123FB73FB7B184690
:106EC0001437BD465DF8047B704780B586B000AFCF
:106ED00078600023FB757B68002B02D10123FB75D2
:106EE00013E17B6893F83A30DBB2052B02D1012322
:106EF000FB750AE17B6893F83A30DBB2012B40F076
:106F000002817B681B681A687B681B6842F002027A
:106F10001A607B681B681A687B681B6842F0100265
:106F20001A607B681B681A687B681B6842F4006201
:106F30001A607B681B681A687B681B6842F44052C1
:106F40001A607B681B681A687B681B6842F0010244
:106F50001A6010233B610823BB6020E07B681B683C
:106F60001B6823F0F8513B691A067B681B680A43CB
:106F70001A600220FCF7E8FF7B681B681B6803F0BF
:106F80008043002B04D03A69BB6813443B6103E0A3
:106F90003A69BB68D31A3B61BB685B08BB60BB68DE
:106FA000002BDBD17B681B681B6823F0F8513B6921
:106FB0001A067B681B680A431A600220FCF7C4FFAC
:106FC0007B681B681B6803F08043002B0DD03B6976
:106FD00001333B617B681B681B6823F0F8513B69F8
:106FE0001A067B681B680A431A607B681B681B686B
:106FF00023F440527B681B6842F480521A601023CD
:10700000FB600823BB6020E07B681B681B6823F4DF
:107010007801FB68DA047B681B680A431A60022067
:10702000FCF792FF7B681B681B6803F08043002B12
:1070300004D0FA68BB681344FB6003E0FA68BB68DD
:10704000D31AFB60BB685B08BB60BB68002BDBD15D
:107050007B681B681B6823F47801FB68DA047B6893
:107060001B680A431A600220FCF76EFF7B681B68EE
:107070001B6803F08043002B0DD0FB680133FB60DD
:107080007B681B681B6823F47801FB68DA047B6863
:107090001B680A431A607B681B681A687B681B6858
:1070A00022F400621A607B681B681A687B681B68A0
:1070B00022F001021A607B681B681A687B681B68F3
:1070C00022F002021A607B683A695A637B68FA68A8
:1070D0001A637B681022DA627B681B681B6823F4E2
:1070E0007801FB68DA047B681B680A431A607B68D6
:1070F0001B681B6823F0F8513B691A067B681B6804
:107100000A431A6001E00123FB75FB7D184618371E
:10711000BD4680BD80B485B000AF78607B68002B31
:1071200041D14B4B1B6803F4C063B3F5806F31D181
:10713000474BD3F88030464A23F48073C2F880303E
:10714000434B1B6823F4C063414A43F4007313604C
:10715000404B1B68322202FB03F33F4AA2FB03238E
:107160009B0C0133FB6002E0FB68013BFB60384B8A
:107170005B6903F48063B3F5806F02D1FB68002B79
:10718000F2D1334B5B6903F48063B3F5806F58D160
:10719000032357E02E4BD3F880302D4A23F480731D
:1071A000C2F880304DE07B68B3F5007F41D1284BB9
:1071B0001B6803F4C063B3F5806F31D1244BD3F85F
:1071C0008030234A43F48073C2F88030204B1B6820
:1071D00023F4C0631E4A43F4007313601D4B1B6805
:1071E000322202FB03F31C4AA2FB03239B0C013354
:1071F000FB6002E0FB68013BFB60154B5B6903F43D
:107200008063B3F5806F02D1FB68002BF2D1104B85
:107210005B6903F48063B3F5806F12D1032311E03F
:107220000B4BD3F880300A4A43F48073C2F88030A5
:1072300007E0074B1B6823F4C063054A43F48063EF
:107240001360002318461437BD465DF8047B704771
:10725000007000403400002083DE1B4380B400AF88
:10726000054B9B68044A43F48043936000BFBD46CE
:107270005DF8047B704700BF0070004080B582B0AD
:1072800000AFFAF719F87860394B1B68384A43F4B5
:107290008073136008E0FAF70FF802467B68D31A90
:1072A000022B01D903235FE0314B1B6803F4806399
:1072B000002BF0D02E4B5B682D4A43F08043536087
:1072C000F9F7FAFF78602A4B01229A600AE0F9F791
:1072D000F3FF02467B68D31A41F28832934201D908
:1072E000032341E0224B9B6803F00C03042BEED1F7
:1072F000204B214A1A60214B1B681846FCF7D8FD29
:107300000346002B01D001232EE0194B4FF480726D
:107310001A60174B4FF480721A60F9F7CDFF78604E
:1073200008E0F9F7C9FF02467B68D31A022B01D99E
:10733000032319E00E4B1B6803F00073002BF0D100
:107340000B4B4FF48052DA60094B00229A61084BD4
:107350004FF0FF321A62064BD3F89430044A43F4DC
:107360000003C2F89430002318460837BD4680BD9C
:1073700000100240340000200024F40038000020F7
:1073800080B588B000AF78607B68002B01D1012305
:10739000FEE27B681B6803F00103002B75D0974B5E
:1073A0009B6803F00C03BB61944BDB6803F00303A1
:1073B0007B61BB690C2B02D17B69032B02D0BB69BB
:1073C000082B0BD18D4B1B6803F40033002B5BD0D3
:1073D0007B685B68002B57D10123D9E27B685B682F
:1073E000B3F5803F06D1854B1B68844A43F4803354
:1073F00013601DE07B685B68B3F5A02F0CD17F4B59
:107400001B687E4A43F4802313607C4B1B687B4AD5
:1074100043F4803313600BE0784B1B68774A23F406
:1074200080331360754B1B68744A23F48023136008
:107430007B685B68002B13D0F9F73EFF386108E0EA
:10744000F9F73AFF02463B69D31A642B01D90323AB
:107450009EE26A4B1B6803F40033002BF0D014E06B
:10746000F9F72AFF386108E0F9F726FF02463B6981
:10747000D31A642B01D903238AE2604B1B6803F4FF
:107480000033002BF0D100E000BF7B681B6803F0E5
:107490000203002B75D0594B9B6803F00C03BB61B2
:1074A000564BDB6803F003037B61BB690C2B02D1F5
:1074B0007B69022B02D0BB69042B1FD14F4B1B6889
:1074C00003F48063002B05D07B68DB68002B01D1BF
:1074D00001235DE2494B5B6823F0FE427B681B6938
:1074E0001B06464913434B60454B1B681846FCF787
:1074F000DFFC0346002B43D0012349E27B68DB68B5
:10750000002B23D03D4B1B683C4A43F4807313602F
:10751000F9F7D2FE386108E0F9F7CEFE02463B6982
:10752000D31A022B01D9032332E2344B1B6803F434
:107530008063002BF0D0314B5B6823F0FE427B6808
:107540001B691B062D4913434B601AE02B4B1B682C
:107550002A4A23F480731360F9F7AEFE386108E01D
:10756000F9F7AAFE02463B69D31A022B01D903237D
:107570000EE2224B1B6803F48063002BF0D100E085
:1075800000BF7B681B6803F00803002B41D07B68B9
:107590005B69002B1CD0194BD3F89430174A43F089
:1075A0000103C2F89430F9F787FE386108E0F9F773
:1075B00083FE02463B69D31A022B01D90323E7E17C
:1075C0000E4BD3F8943003F00203002BEFD020E0F1
:1075D0000A4BD3F89430094A23F00103C2F89430DF
:1075E000F9F76AFE38610DE0F9F766FE02463B697D
:1075F000D31A022B06D90323CAE100BF00100240B0
:10760000380000208C4BD3F8943003F00203002B99
:10761000EAD17B681B6803F00403002B00F0A6800E
:107620000023FB77844B9B6D03F08053002B01D12B
:10763000012300E00023002B0DD07F4B9B6D7E4A81
:1076400043F0805393657C4B9B6D03F08053FB604C
:10765000FB680123FB77794B1B6803F48073002BD5
:1076600018D1764B1B68754A43F480731360F9F7A1
:1076700023FE386108E0F9F71FFE02463B69D31A82
:10768000022B01D9032383E16C4B1B6803F4807345
:10769000002BF0D07B689B68012B08D1664BD3F898
:1076A0009030654A43F00103C2F8903024E07B68D3
:1076B0009B68052B10D1604BD3F890305E4A43F0A5
:1076C0000403C2F890305C4BD3F890305A4A43F030
:1076D0000103C2F890300FE0574BD3F89030564A70
:1076E00023F00103C2F89030534BD3F89030524A44
:1076F00023F00403C2F890307B689B68002B16D0FF
:10770000F9F7DAFD38610AE0F9F7D6FD02463B6980
:10771000D31A41F28832934201D9032338E1464B10
:10772000D3F8903003F00203002BEDD015E0F9F709
:10773000C3FD38610AE0F9F7BFFD02463B69D31A81
:1077400041F28832934201D9032321E13A4BD3F825
:10775000903003F00203002BEDD1FB7F012B05D10C
:10776000354B9B6D344A23F0805393657B681B68CF
:1077700003F02003002B3CD07B689B69002B1CD0BE
:107780002D4BD3F898302C4A43F00103C2F89830BF
:10779000F9F792FD386108E0F9F78EFD02463B6982
:1077A000D31A022B01D90323F2E0234BD3F89830EC
:1077B00003F00203002BEFD01BE01F4BD3F89830EF
:1077C0001D4A23F00103C2F89830F9F775FD3861BE
:1077D00008E0F9F771FD02463B69D31A022B01D983
:1077E0000323D5E0144BD3F8983003F00203002BA9
:1077F000EFD17B68DB69002B00F0C9800E4B9B68E2
:1078000003F00C030C2B00F083807B68DB69022BF8
:107810005ED1094B1B68084A23F080731360F9F7A7
:107820004BFD38610CE0F9F747FD02463B69D31A7E
:10783000022B05D90323ABE000100240007000408A
:10784000554B1B6803F00073002BECD1524BDA68E8
:10785000524B13407A68116A7A68526A013A1201EF
:1078600011437A68926A120211437A68126B5208C5
:10787000013A520511437A68526B5208013A520696
:1078800011437A68D26AD2060A4343491343CB6054
:10789000414B1B68404A43F0807313603E4BDB68EA
:1078A0003D4A43F08073D360F9F706FD386108E084
:1078B000F9F702FD02463B69D31A022B01D90323D3
:1078C00066E0354B1B6803F00073002BF0D05EE0E0
:1078D000314B1B68304A23F080731360F9F7ECFCDE
:1078E000386108E0F9F7E8FC02463B69D31A022B3D
:1078F00001D903234CE0284B1B6803F00073002BD5
:10790000F0D1254BDA682449254B1340CB603EE08B
:107910007B68DB69012B01D1012339E01E4BDB6859
:107920007B617B6903F003027B681B6A9A422CD15E
:107930007B6903F0F0027B685B6A013B1B019A42A2
:1079400023D17B6903F4FE427B689B6A1B029A4247
:107950001BD17B6903F078427B68DB6ADB069A42C5
:1079600013D17B6903F4C0027B681B6B5B08013B8E
:107970005B059A4209D17B6903F0C0627B685B6B4F
:107980005B08013B5B069A4201D0012300E0002323
:1079900018462037BD4680BD001002400C809F0174
:1079A000FCFFEEFE80B586B000AF78603960002342
:1079B0007B617B68002B01D101231EE1914B1B6889
:1079C00003F00F033A689A4210D98E4B1B6823F0DC
:1079D0000F028C493B6813430B608A4B1B6803F012
:1079E0000F033A689A4201D0012306E17B681B68C5
:1079F00003F00103002B73D07B685B68032B29D154
:107A0000814B1B6803F00073002B01D10123F4E0CC
:107A100000F09EF938613B697C4A93423FD97A4B2A
:107A20009B6803F0F003002B09D07B681B6803F010
:107A30000203002B33D07B689B68002B2FD1724B45
:107A40009B6823F0F003704A43F080039360802327
:107A50007B6124E07B685B68022B07D16A4B1B6863
:107A600003F40033002B09D10123C6E0664B1B68E9
:107A700003F48063002B01D10123BEE000F0CEF8B7
:107A800038613B69614A934209D95F4B9B6823F097
:107A9000F0035D4A43F08003936080237B615A4B7F
:107AA0009B6823F003027B685B68574913438B6034
:107AB000F9F702FCF8600AE0F9F7FEFB0246FB6802
:107AC000D31A41F28832934201D9032395E04E4BF9
:107AD0009B6803F00C027B685B689B009A42EBD1C9
:107AE0007B681B6803F00203002B23D07B681B68B4
:107AF00003F00403002B05D0434B9B68424A43F438
:107B0000E06393607B681B6803F00803002B07D0D9
:107B10003D4B9B6823F47C533B4A43F4E063936002
:107B2000394B9B6823F0F0027B689B68364913430E
:107B30008B6008E07B69802B05D1334B9B68324A10
:107B400023F0F00393602F4B1B6803F00F033A6898
:107B50009A421DD22B4B1B6823F00F0229493B6828
:107B600013430B60F9F7A8FBF8600AE0F9F7A4FBF0
:107B70000246FB68D31A41F28832934201D90323AB
:107B80003BE0204B1B6803F00F033A689A42EDD1AB
:107B90007B681B6803F00403002B08D01A4B9B681A
:107BA00023F4E0627B68DB68174913438B607B68D2
:107BB0001B6803F00803002B09D0134B9B6823F4C8
:107BC00060527B681B69DB000F4913438B6000F038
:107BD00025F802460C4B9B681B0903F00F030C4968
:107BE000CB5C03F01F0322FA03F30A4A13600A4B2B
:107BF0001B681846FCF75CF9034618461837BD4663
:107C000080BD00BF002002400010024000B4C40448
:107C100090C10008340000203800002080B487B0F4
:107C200000AF2C4B9B6803F00C03042B02D12A4BB2
:107C30003B6147E0274B9B6803F00C03082B02D104
:107C4000264B3B613EE0234B9B6803F00C030C2B5F
:107C500036D1204BDB6803F00303FB601D4BDB6870
:107C60001B0903F00F030133BB60FB68032B0CD12E
:107C70001A4ABB68B2FBF3F3164AD268120A02F042
:107C80007F0202FB03F37B610CE0134ABB68B2FB8B
:107C9000F3F3104AD268120A02F07F0202FB03F3E8
:107CA0007B6100BF0B4BDB685B0E03F0030301330A
:107CB0005B007B607A697B68B2FBF3F33B6101E0B8
:107CC00000233B613B6918461C37BD465DF8047BC9
:107CD000704700BF001002400024F40000127A0038
:107CE00080B400AF034B1B681846BD465DF8047BAB
:107CF000704700BF3400002080B500AFFFF7F0FFF1
:107D00000246064B9B681B0A03F007030449CB5C41
:107D100003F01F0322FA03F3184680BD001002404F
:107D2000A0C1000880B500AFFFF7DAFF0246064B9E
:107D30009B68DB0A03F007030449CB5C03F01F03D5
:107D400022FA03F3184680BD00100240A0C10008CB
:107D500080B487B000AF1E4BDB6803F003033B61C8
:107D60001B4BDB681B0903F00F030133FB603B690E
:107D7000032B0CD1174AFB68B2FBF3F3144AD26809
:107D8000120A02F07F0202FB03F37B610CE0124A4D
:107D9000FB68B2FBF3F30E4AD268120A02F07F02CC
:107DA00002FB03F37B6100BF094BDB685B0E03F052
:107DB000030301335B00BB607A69BB68B2FBF3F37A
:107DC0007B607B6818461C37BD465DF8047B7047B6
:107DD0000010024000127A000024F40080B586B042
:107DE00000AF78600023FB740023BB747B681B68C2
:107DF00003F40023002B00F0988000237B74434B96
:107E00009B6D03F08053002B0DD1404B9B6D3F4A7F
:107E100043F0805393653D4B9B6D03F08053BB60F3
:107E2000BB6801237B743A4B1B68394A43F4807367
:107E30001360F9F741FAF86009E0F9F73DFA0246F4
:107E4000FB68D31A022B02D90323FB7405E0304BE5
:107E50001B6803F48073002BEFD0FB7C002B59D1FF
:107E60002A4BD3F8903003F440737B617B69002B7D
:107E70001ED07B68DB6C7A699A4219D0234BD3F809
:107E8000903023F440737B61204BD3F890301F4A2D
:107E900043F48033C2F890301C4BD3F890301B4A27
:107EA00023F48033C2F89030184A7B69C2F89030CE
:107EB0007B6903F00103002B16D0F9F7FDF9F86098
:107EC0000BE0F9F7F9F90246FB68D31A41F2883260
:107ED000934202D90323FB7406E00C4BD3F8903095
:107EE00003F00203002BECD0FB7C002B0BD1074BE3
:107EF000D3F8903023F440727B68DB6C0349134362
:107F0000C1F8903008E0FB7CBB7405E00010024033
:107F100000700040FB7CBB747B7C012B05D1A74B20
:107F20009B6DA64A23F0805393657B681B6803F022
:107F30000103002B0AD0A14BD3F8883023F00302B1
:107F40007B685B689D491343C1F888307B681B6878
:107F500003F00203002B0AD0984BD3F8883023F0AB
:107F60000C027B689B6895491343C1F888307B6895
:107F70001B6803F00403002B0AD0904BD3F8883021
:107F800023F030027B68DB688C491343C1F88830EA
:107F90007B681B6803F00803002B0AD0874BD3F8DB
:107FA000883023F0C0027B681B6984491343C1F801
:107FB00088307B681B6803F01003002B0AD07F4BCE
:107FC000D3F8883023F440727B685B697B491343A4
:107FD000C1F888307B681B6803F02003002B0AD0AF
:107FE000764BD3F8883023F440627B689B697349F1
:107FF0001343C1F888307B681B6803F04003002BF3
:108000000AD06E4BD3F8883023F440527B68DB698A
:108010006A491343C1F888307B681B6803F080030A
:10802000002B0AD0654BD3F8883023F440427B689C
:108030001B6A62491343C1F888307B681B6803F4EC
:108040008073002B0AD05D4BD3F8883023F4403284
:108050007B685B6A59491343C1F888307B681B68A9
:1080600003F40073002B0AD0544BD3F8883023F468
:1080700040227B689B6A51491343C1F888307B6872
:108080001B6803F48063002B15D04C4BD3F8883069
:1080900023F440127B68DB6A48491343C1F88830F7
:1080A0007B68DB6AB3F5801F05D1444BDB68434A2C
:1080B00043F48013D3607B681B6803F40063002BD8
:1080C00015D03E4BD3F8883023F440027B681B6BFD
:1080D0003A491343C1F888307B681B6BB3F5800FB6
:1080E00005D1364BDB68354A43F48013D3607B6897
:1080F0001B6803F48053002B15D0304BD3F8883025
:1081000023F040727B685B6B2C491343C1F88830C5
:108110007B685B6BB3F1807F05D1284BDB68274A16
:1081200043F48013D3607B681B6803F40053002B77
:1081300015D0224BD3F8883023F040627B689B6BCC
:108140001E491343C1F888307B689B6BB3F1006F05
:1081500005D11A4BDB68194A43F48013D3607B685E
:108160001B6803F48043002B15D0144BD3F88830E0
:1081700023F040627B68DB6B10491343C1F8883001
:108180007B68DB6BB3F1006F05D10C4BDB680B4AEE
:1081900043F48013D3607B681B6803F40043002B17
:1081A00018D0064BD3F8883023F040527B681B6C04
:1081B00002491343C1F888307B6801E00010024097
:1081C0001B6CB3F1805F05D1214BDB68204A43F47F
:1081D0008033D3607B681B6803F48033002B15D099
:1081E0001B4BD3F8883023F040427B685B6C184906
:1081F0001343C1F888307B685B6CB3F1804F05D1C5
:10820000134BDB68124A43F48033D3607B681B68EE
:1082100003F48023002B15D00D4BD3F89C3023F4AE
:1082200040127B689B6C0A491343C1F89C307B6801
:108230009B6CB3F5001F05D1054BDB68044A43F482
:108240008013D360BB7C18461837BD4680BD00BF85
:108250000010024080B582B000AF78607B68002BD0
:1082600001D1012349E07B6893F83D30DBB2002B5C
:1082700006D17B68002283F83C207868FBF784FCF9
:108280007B68022283F83D207B681A687B68043390
:108290001946104600F0CAF97B68012283F848208D
:1082A0007B68012283F83E207B68012283F83F200F
:1082B0007B68012283F840207B68012283F84120FB
:1082C0007B68012283F842207B68012283F84320E7
:1082D0007B68012283F844207B68012283F84520D3
:1082E0007B68012283F846207B68012283F84720BF
:1082F0007B68012283F83D20002318460837BD46DD
:1083000080BD000080B485B000AF78607B6893F8D2
:108310003D30DBB2012B01D0012347E07B68022214
:1083200083F83D207B681B68234A93421DD07B68FD
:108330001B68B3F1804F18D07B681B681F4A9342BB
:1083400013D07B681B681E4A93420ED07B681B6863
:108350001C4A934209D07B681B681B4A934204D095
:108360007B681B68194A934215D17B681B689A6821
:10837000174B1340FB60FB68062B15D0FB68B3F569
:10838000803F11D07B681B681A687B681B6842F0CD
:1083900001021A6008E07B681B681A687B681B682A
:1083A00042F001021A6000E000BF002318461437B3
:1083B000BD465DF8047B7047002C0140000400407E
:1083C00000080040003401400040014000500140DE
:1083D0000700010080B483B000AF78607B681B6841
:1083E0001A6A41F211131340002B0FD17B681B68EE
:1083F0001A6A44F244431340002B07D17B681B6880
:108400001A687B681B6822F001021A607B680122EF
:1084100083F83D20002318460C37BD465DF8047BE9
:108420007047000080B584B000AF786039600023E9
:10843000FB737B6893F83C30012B01D10223E6E00B
:108440007B68012283F83C207B68022283F83D2070
:108450007B681B689B68BB60BB6823F4441323F0F4
:108460007703BB60BB6823F47F43BB607B681B68FA
:10847000BA689A603B681B68674A934200F0B18013
:10848000654A934200F2B680644A934200F0A980A4
:10849000624A934200F2AE80614A934200F0A180AA
:1084A0005F4A934200F2A6805E4A934200F09980B0
:1084B0005C4A934200F29E805B4A934200F09180B6
:1084C000594A934200F29680B3F1101F00F0898060
:1084D000B3F1101F00F28E80B3F5005F3ED0B3F50C
:1084E000005F00F28780B3F5805F00F08680B3F50F
:1084F000805F7FD8702B1AD0702B7BD8602B50D028
:10850000602B77D8502B3CD0502B73D8402B58D0B1
:10851000402B6FD8302B64D0302B6BD8202B60D001
:10852000202B67D8002B5CD0102B5AD062E07B68E0
:1085300018683B6899683B685A683B68DB6800F0DC
:108540009BF97B681B689B68BB60BB6843F0770343
:10855000BB607B681B68BA689A604FE07B681868EC
:108560003B6899683B685A683B68DB6800F084F9AF
:108570007B681B689A687B681B6842F480429A603B
:108580003CE07B6818683B6859683B68DB681A46C2
:1085900000F0F6F87B681B685021184600F04FF990
:1085A0002CE07B6818683B6859683B68DB681A46B2
:1085B00000F015F97B681B686021184600F03FF950
:1085C0001CE07B6818683B6859683B68DB681A46A2
:1085D00000F0D6F87B681B684021184600F02FF9A0
:1085E0000CE07B681A683B681B681946104600F06F
:1085F00026F903E00123FB7300E000BF7B68012242
:1086000083F83D207B68002283F83C20FB7B1846E2
:108610001037BD4680BD00BF700010005000100034
:1086200040001000300010002000100080B485B021
:1086300000AF786039607B681B68FB607B68484AE4
:10864000934213D07B68B3F1804F0FD07B68454ACB
:1086500093420BD07B68444A934207D07B68434ADD
:10866000934203D07B68424A934208D1FB6823F0CF
:108670007003FB603B685B68FA681343FB607B68D0
:10868000374A93421FD07B68B3F1804F1BD07B6881
:10869000344A934217D07B68334A934213D07B68A5
:1086A000324A93420FD07B68324A93420BD07B68A8
:1086B000314A934207D07B68304A934203D07B68AB
:1086C0002B4A934208D1FB6823F44073FB603B685C
:1086D000DB68FA681343FB60FB6823F080023B68A9
:1086E0005B691343FB607B68FA681A603B689A68B1
:1086F0007B68DA623B681A687B689A627B68184A12
:10870000934213D07B68194A93420FD07B68194A71
:1087100093420BD07B68184A934207D07B68174A74
:10872000934203D07B68124A934203D13B681A6993
:108730007B681A637B6801225A617B681B6903F0BE
:108740000103012B05D17B681B6923F001027B68C3
:108750001A6100BF1437BD465DF8047B704700BF47
:10876000002C01400004004000080040003401409B
:1087700000500140004001400044014000480140D9
:1087800080B487B000AFF860B9607A60FB681B6A9C
:108790007B61FB681B6A23F00102FB681A62FB68BD
:1087A0009B693B613B6923F0F0033B617B681B01E4
:1087B0003A6913433B617B6923F00A037B617A6961
:1087C000BB6813437B61FB683A699A61FB687A690D
:1087D0001A6200BF1C37BD465DF8047B704780B449
:1087E00087B000AFF860B9607A60FB681B6A7B6194
:1087F000FB681B6A23F01002FB681A62FB689B6926
:108800003B613B6923F470433B617B681B033A691E
:1088100013433B617B6923F0A0037B61BB681B01B1
:108820007A6913437B61FB683A699A61FB687A69EC
:108830001A6200BF1C37BD465DF8047B704780B4E8
:1088400085B000AF786039607B689B68FB60FB682F
:1088500023F4401323F07003FB603A68FB68134372
:1088600043F00703FB607B68FA689A6000BF143727
:10887000BD465DF8047B704780B487B000AFF860F8
:10888000B9607A603B60FB689B687B617B6923F41D
:108890007F437B613B681A027B681A43BB681343C2
:1088A0007A6913437B61FB687A699A6000BF1C3761
:1088B000BD465DF8047B704780B485B000AF78603A
:1088C00039607B6893F83C30012B01D102236FE0C3
:1088D0007B68012283F83C207B68022283F83D20DC
:1088E0007B681B685B68FB607B681B689B68BB6080
:1088F0007B681B68314A934209D07B681B68304A09
:10890000934204D07B681B682E4A934208D1FB68CF
:1089100023F47003FB603B685B68FA681343FB60F9
:10892000FB6823F0007323F07003FB603B681B6857
:10893000FA681343FB607B681B68FA685A607B68BF
:108940001B681E4A93421DD07B681B68B3F1804FA1
:1089500018D07B681B681C4A934213D07B681B6845
:108960001A4A93420ED07B681B68154A934209D07D
:108970007B681B68164A934204D07B681B68114AC7
:1089800093420CD1BB6823F08003BB603B689B68BB
:10899000BA681343BB607B681B68BA689A607B68DF
:1089A000012283F83D207B68002283F83C200023CD
:1089B00018461437BD465DF8047B7047002C014013
:1089C0000034014000500140000400400008004015
:1089D0000040014080B58AB000AFF860B96013462E
:1089E000FB80FB68D3F88C30202B37D1BB68002B81
:1089F00002D0FB88002B01D1012330E0FB6800226C
:108A0000DA66FB681B68184A93421FD0FB681B6834
:108A10005B6803F40003002B18D0FB681B687B61C4
:108A20007B6953E8003F3B613B6943F080637B62B5
:108A3000FB681B681A467B6A3B62FA61F9693A6A0D
:108A400041E80023BB61BB69002BE6D1FB881A46D5
:108A5000B968F86801F098F8034600E00223184668
:108A60002837BD4680BD00BF0080004080B58AB079
:108A700000AFF860B9601346FB80FB68D3F888301C
:108A8000202B67D1BB68002B02D0FB88002B01D1C3
:108A9000012360E0FB68BA681A65FB68FA88A3F8EE
:108AA0005420FB68FA88A3F85620FB680022C3F81C
:108AB0009020FB682122C3F88820FB68DB6F002B25
:108AC00028D0FB68DB6F264ADA62FB68DB6F254A39
:108AD0001A63FB68DB6F244A5A63FB68DB6F002272
:108AE0009A63FB68D86FFB681B6D1946FB681B68AF
:108AF00028331A46FB88FDF7DBFC0346002B09D020
:108B0000FB681022C3F89020FB682022C3F888205D
:108B1000012320E0FB681B6840221A62FB681B6887
:108B200008337B617B6953E8003F3B613B6943F05D
:108B300080037B62FB681B6808337A6A3A62FB61D8
:108B4000F9693A6A41E80023BB61BB69002BE5D1B2
:108B5000002300E0022318462837BD4680BD00BF31
:108B60001B9F0008B59F0008D19F000880B5BAB0D0
:108B700000AF78607B681B68DB69C7F8E4307B680E
:108B80001B681B68C7F8E0307B681B689B68C7F8E8
:108B9000DC30D7F8E42040F60F031340C7F8D83094
:108BA000D7F8D830002B1BD1D7F8E43003F02003DE
:108BB000002B15D0D7F8E03003F02003002B05D1AF
:108BC000D7F8DC3003F08053002B09D07B685B6F53
:108BD000002B00F000837B685B6F78689847FAE2AF
:108BE000D7F8D830002B00F02381D7F8DC208D4B4C
:108BF0001340002B06D1D7F8E0208B4B1340002BFD
:108C000000F01681D7F8E43003F00103002B11D0F7
:108C1000D7F8E03003F48073002B0BD07B681B681F
:108C200001221A627B68D3F8903043F001027B681E
:108C3000C3F89020D7F8E43003F00203002B11D0E2
:108C4000D7F8DC3003F00103002B0BD07B681B68E6
:108C500002221A627B68D3F8903043F004027B68EA
:108C6000C3F89020D7F8E43003F00403002B11D0B0
:108C7000D7F8DC3003F00103002B0BD07B681B68B6
:108C800004221A627B68D3F8903043F002027B68BA
:108C9000C3F89020D7F8E43003F00803002B17D076
:108CA000D7F8E03003F02003002B05D1D7F8DC2003
:108CB0005C4B1340002B0BD07B681B6808221A62A8
:108CC0007B68D3F8903043F008027B68C3F89020AB
:108CD000D7F8E43003F40063002B12D0D7F8E0306B
:108CE00003F08063002B0CD07B681B684FF400629C
:108CF0001A627B68D3F8903043F020027B68C3F897
:108D000090207B68D3F89030002B00F06682D7F873
:108D1000E43003F02003002B13D0D7F8E03003F049
:108D20002003002B05D1D7F8DC3003F08053002B53
:108D300007D07B685B6F002B03D07B685B6F786824
:108D400098477B68D3F89030C7F8D4307B681B68AD
:108D50009B6803F04003402B05D0D7F8D43003F0D4
:108D60002803002B54D0786801F071F87B681B68E9
:108D70009B6803F04003402B46D17B681B68083397
:108D8000C7F89C30D7F89C3053E8003FC7F89830BC
:108D9000D7F8983023F04003C7F8D0307B681B68C1
:108DA0000833D7F8D020C7F8A820C7F8A430D7F8E0
:108DB000A410D7F8A82041E80023C7F8A030D7F8BE
:108DC000A030002BD9D17B68D3F88030002B17D08E
:108DD0007B68D3F88030154A9A637B68D3F880307B
:108DE0001846FDF739FC0346002B19D07B68D3F8F1
:108DF00080309B6B7A68D2F88020104698470FE04D
:108E00007868F8F7ADFE0BE07868F8F7A9FE07E0A0
:108E10007868F8F7A5FE7B680022C3F89020DCE1B3
:108E200000BFDAE1010000102001000451A0000899
:108E30007B68DB6E012B40F07081D7F8E43003F0E3
:108E40001003002B00F06981D7F8E03003F0100325
:108E5000002B00F062817B681B6810221A627B681D
:108E60001B689B6803F04003402B40F0D8807B6870
:108E7000D3F880301B685B68A7F8BE30B7F8BE3007
:108E8000002B00F0AF807B68B3F85C30B7F8BE20F1
:108E90009A4280F0A7807B68B7F8BE20A3F85E20D6
:108EA0007B68D3F880301B681B6803F02003002B1D
:108EB00040F087807B681B68C7F88830D7F8883017
:108EC00053E8003FC7F88430D7F8843023F4807328
:108ED000C7F8B8307B681B681A46D7F8B830C7F8AF
:108EE0009430C7F89020D7F89010D7F8942041E834
:108EF0000023C7F88C30D7F88C30002BDAD17B6890
:108F00001B6808337B677B6F53E8003F3B673B6F11
:108F100023F00103C7F8B4307B681B680833D7F827
:108F2000B420C7F88020FB67F96FD7F8802041E8AC
:108F30000023BB67BB6F002BE1D17B681B68083344
:108F40003B663B6E53E8003FFB65FB6D23F040033F
:108F5000C7F8B0307B681B680833D7F8B020FA66D2
:108F6000BB66B96EFA6E41E800237B667B6E002B10
:108F7000E3D17B682022C3F88C207B680022DA666C
:108F80007B681B68FB64FB6C53E8003FBB64BB6CF5
:108F900023F01003C7F8AC307B681B681A46D7F87B
:108FA000AC30BB657A65796DBA6D41E800233B65ED
:108FB0003B6D002BE4D17B68D3F880301846FDF779
:108FC000F2FA7B6802221A677B68B3F85C207B6840
:108FD000B3F85E309BB2D31A9BB21946786800F0A2
:108FE00011F9FCE07B68B3F85C30B7F8BE209A4218
:108FF00040F0F5807B68D3F880301B681B6803F075
:109000002003202B40F0EB807B6802221A677B68EC
:10901000B3F85C301946786800F0F4F8DFE07B685C
:10902000B3F85C207B68B3F85E309BB2D31AA7F824
:10903000CE307B68B3F85E309BB2002B00F0D1805D
:10904000B7F8CE30002B00F0CC807B681B68BB6388
:10905000BB6B53E8003F7B637B6B23F49073C7F8D3
:10906000C8307B681B681A46D7F8C8307B643A64FE
:10907000396C7A6C41E80023FB63FB6B002BE4D175
:109080007B681B6808337B627B6A53E8003F3B6266
:109090003B6A23F0805323F00103C7F8C4307B6898
:1090A0001B680833D7F8C4203A63FB62F96A3A6B4D
:1090B00041E80023BB62BB6A002BE1D17B68202220
:1090C000C3F88C207B680022DA667B6800225A672E
:1090D0007B681B683B613B6953E8003FFB60FB68B2
:1090E00023F01003C7F8C0307B681B681A46D7F816
:1090F000C030FB61BA61B969FA6941E800237B615C
:109100007B69002BE4D17B6802221A67B7F8CE3066
:109110001946786800F076F863E0D7F8E43003F495
:109120008013002B0ED0D7F8DC3003F48003002B23
:1091300008D07B681B684FF480121A62786801F0CF
:1091400052FD51E0D7F8E43003F08003002B14D037
:10915000D7F8E03003F08003002B05D1D7F8DC30DE
:1091600003F40003002B08D07B689B6F002B3AD0E0
:109170007B689B6F7868984735E0D7F8E43003F058
:109180004003002B09D0D7F8E03003F04003002B58
:1091900003D0786800F072FF26E0D7F8E43003F4DB
:1091A0000003002B09D0D7F8E03003F08043002BF8
:1091B00003D0786801F02BFD16E0D7F8E43003F017
:1091C0008073002B10D0D7F8E030002B0CDA7868D1
:1091D00001F013FD08E000BF06E000BF04E000BF9F
:1091E00002E000BF00E000BFE837BD4680BD00BF21
:1091F00080B483B000AF786000BF0C37BD465DF827
:10920000047B704780B483B000AF78600B467B80EE
:1092100000BF0C37BD465DF8047B70472DE9B04FA9
:109220008CB000AF7861002387F82A307B699A6898
:109230007B691B691A437B695B691A437B69DB693C
:109240001343FB627B691B681A68AA4B13407A6957
:109250001268F96A0B4313607B691B685B6823F42F
:1092600040517B69DA687B691B680A435A607B69F5
:109270009B69FB627B691B689F4A934204D07B69B0
:109280001B6AFA6A1343FB627B691B689B6823F0C5
:109290006E4323F430637A691268F96A0B43936072
:1092A0007B691B68DB6A23F00F017B695A6A7B6963
:1092B0001B680A43DA627B691B68904A934225D196
:1092C0008F4BD3F8883003F00303032B1AD801A285
:1092D00052F823F0E5920008F5920008ED9200089C
:1092E000FD920008012387F82B3016E1022387F84E
:1092F0002B3012E1042387F82B300EE1082387F886
:109300002B300AE1102387F82B3006E17B691B68BC
:109310007C4A934238D17A4BD3F8883003F00C035F
:109320000C2B2DD801A252F823F000BF6193000846
:1093300081930008819300088193000871930008CD
:1093400081930008819300088193000869930008C5
:1093500081930008819300088193000879930008A5
:10936000002387F82B30D8E0022387F82B30D4E095
:10937000042387F82B30D0E0082387F82B30CCE08B
:10938000102387F82B30C8E07B691B685E4A934244
:1093900025D15B4BD3F8883003F03003302B16D047
:1093A000302B18D8202B0AD0202B14D8002B02D019
:1093B000102B08D00FE0002387F82B30ADE00223FC
:1093C00087F82B30A9E0042387F82B30A5E0082389
:1093D00087F82B30A1E0102387F82B309DE07B69C4
:1093E0001B684A4A934225D1454BD3F8883003F095
:1093F000C003C02B16D0C02B18D8802B0AD0802BCE
:1094000014D8002B02D0402B08D00FE0002387F89F
:109410002B3082E0022387F82B307EE0042387F88C
:109420002B307AE0082387F82B3076E0102387F87A
:109430002B3072E07B691B68354A93422AD1304B4E
:10944000D3F8883003F44073B3F5407F1AD0B3F5F6
:10945000407F1BD8B3F5007F0CD0B3F5007F15D843
:10946000002B03D0B3F5807F08D00FE0002387F8EE
:109470002B3052E0022387F82B304EE0042387F88C
:109480002B304AE0082387F82B3046E0102387F87A
:109490002B3042E07B691B68174A93423AD1184B44
:1094A000D3F8883003F44063B3F5406F1AD0B3F5B6
:1094B000406F1BD8B3F5006F0CD0B3F5006F15D813
:1094C000002B03D0B3F5806F08D00FE0002387F89E
:1094D0002B3022E0022387F82B301EE0042387F88C
:1094E0002B301AE0082387F82B3016E0102387F87A
:1094F0002B3012E0F369FFCF0080004000380140BC
:10950000001002400044004000480040004C004071
:1095100000500040102387F82B307B691B68AE4A4F
:10952000934240F0978097F82B30082B23D801A264
:1095300052F823F0599500087795000861950008C6
:1095400077950008679500087795000877950008DB
:10955000779500086F950008FEF7CEFB786210E063
:109560009E4B7B620DE0FEF759FB786209E04FF4F9
:1095700000437B6205E000237B62012387F82A30E9
:1095800000BF7B6A002B00F030817B695B6A944AE4
:1095900032F813301A467B6AB3FBF2F3BB617B6986
:1095A0005A6813465B001344BA699A4205D37B6933
:1095B0005B681B03BA699A4203D9012387F82A30F2
:1095C00013E17B6A0022BB60FA607B695B6A844AB4
:1095D00032F813309BB200223B607A60D7E9002357
:1095E000D7E90201F6F7D4FE02460B4610461946AB
:1095F0004FF000024FF000030B0243EA1063020237
:1096000079694968490800200C46054612EB0408B0
:1096100043EB05097B695B6800229A4693465246F4
:109620005B4640464946F6F7B3FE02460B461346F4
:109630003B623B6AB3F5407F08D33B6AB3F5801FBA
:1096400004D27B691B683A6ADA60CEE0012387F8AE
:109650002A30CAE07B69DB69B3F5004F66D197F821
:109660002B30082B27D801A252F823F0919600083E
:1096700099960008A1960008B7960008A7960008DA
:10968000B7960008B7960008B7960008AF9600088E
:10969000FEF732FB786214E0FEF744FB786210E0DC
:1096A0004E4B7B620DE0FEF7B9FA786209E04FF4A9
:1096B00000437B6205E000237B62012387F82A30A8
:1096C00000BF7B6A002B00F090807B695B6A444A94
:1096D00032F813301A467B6AB3FBF2F35A007B6907
:1096E0005B685B081A447B695B68B2FBF3F33B621F
:1096F0003B6A0F2B16D93B6AB3F5803F12D23B6A07
:109700009BB223F00F03FB833B6A5B089BB203F021
:1097100007039AB2FB8B1343FB837B691B68FA8BAD
:10972000DA6062E0012387F82A305EE097F82B3098
:10973000082B28D801A252F823F000BF6197000837
:1097400069970008719700088797000877970008C5
:109750008797000887970008879700087F97000879
:10976000FEF7CAFA786214E0FEF7DCFA786210E0DD
:109770001A4B7B620DE0FEF751FA786209E04FF474
:1097800000437B6205E000237B62012387F82A30D7
:1097900000BF7B6A002B28D07B695B6A104A32F8D5
:1097A00013301A467B6AB3FBF2F27B695B685B0895
:1097B0001A447B695B68B2FBF3F33B623B6A0F2B95
:1097C00010D93B6AB3F5803F0CD23B6A9AB27B69F1
:1097D0001B68DA6009E000BF008000400024F4004C
:1097E000A8C10008012387F82A307B690122A3F869
:1097F0006A207B690122A3F868207B6900225A67EE
:109800007B6900229A6797F82A3018463037BD46A0
:10981000BDE8B08F80B483B000AF78607B689B6A8E
:1098200003F00803002B0AD07B681B685B6823F4F5
:1098300000417B689A6B7B681B680A435A607B68AF
:109840009B6A03F00103002B0AD07B681B685B68EE
:1098500023F400317B68DA6A7B681B680A435A602C
:109860007B689B6A03F00203002B0AD07B681B68AD
:109870005B6823F480317B681A6B7B681B680A4342
:109880005A607B689B6A03F00403002B0AD07B6854
:109890001B685B6823F480217B685A6B7B681B68BC
:1098A0000A435A607B689B6A03F01003002B0AD0BE
:1098B0007B681B689B6823F480517B68DA6B7B684C
:1098C0001B680A439A607B689B6A03F02003002BA5
:1098D0000AD07B681B689B6823F400517B681A6C74
:1098E0007B681B680A439A607B689B6A03F04003AD
:1098F000002B1AD07B681B685B6823F480117B689F
:109900005A6C7B681B680A435A607B685B6CB3F5D2
:10991000801F0AD17B681B685B6823F4C0017B68E9
:109920009A6C7B681B680A435A607B689B6A03F0E9
:109930008003002B0AD07B681B685B6823F400213E
:109940007B68DA6C7B681B680A435A6000BF0C377F
:10995000BD465DF8047B704780B598B002AF786073
:109960007B680022C3F89020F7F7A6FC78657B6837
:109970001B681B6803F00803082B2FD16FF07E4390
:1099800000937B6D00224FF40011786800F08EF890
:109990000346002B22D07B681B68BB63BB6B53E87C
:1099A000003F7B637B6B23F080033B657B681B6818
:1099B0001A463B6D7B643A64396C7A6C41E800234B
:1099C000FB63FB6B002BE6D17B682022C3F8882069
:1099D0007B68002283F88420032363E07B681B6894
:1099E0001B6803F00403042B49D16FF07E430093FE
:1099F0007B6D00224FF48001786800F057F8034631
:109A0000002B3CD07B681B687B627B6A53E8003F7D
:109A10003B623B6A23F49073FB647B681B681A46C5
:109A2000FB6C3B63FA62F96A3A6B41E80023BB6264
:109A3000BB6A002BE6D17B681B6808333B613B693E
:109A400053E8003FFB60FB6823F00103BB647B68C5
:109A50001B680833BA6CFA61BB61B969FA6941E8FD
:109A600000237B617B69002BE5D17B682022C3F852
:109A70008C207B68002283F88420032312E07B681B
:109A80002022C3F888207B682022C3F88C207B68C2
:109A90000022DA667B6800221A677B68002283F85E
:109AA0008420002318465837BD4680BD80B584B059
:109AB00000AFF860B9603B601346FB714FE0BB69D3
:109AC000B3F1FF3F4BD0F7F7F7FB02463B68D31AE1
:109AD000BA699A4202D3BB69002B01D103234EE03D
:109AE000FB681B681B6803F00403002B37D0BB68BE
:109AF000802B34D0BB68402B31D0FB681B68DB69FE
:109B000003F00803082B10D1FB681B6808221A62B7
:109B1000F86800F09CF9FB680822C3F89020FB6805
:109B2000002283F88420012329E0FB681B68DB699D
:109B300003F40063B3F5006F11D1FB681B684FF4A9
:109B400000621A62F86800F082F9FB682022C3F80C
:109B50009020FB68002283F8842003230FE0FB6839
:109B60001B68DA69BB681340BA689A420CBF0123CC
:109B70000023DBB21A46FB799A42A0D00023184694
:109B80001037BD4680BD000080B4A3B000AFF860C0
:109B9000B9601346FB80FB68BA689A65FB68FA886F
:109BA000A3F85C20FB68FA88A3F85E20FB6800221B
:109BB0005A67FB689B68B3F5805F0ED1FB681B6931
:109BC000002B05D1FB6840F2FF12A3F860202DE0C6
:109BD000FB68FF22A3F8602028E0FB689B68002B4D
:109BE0000DD1FB681B69002B04D1FB68FF22A3F891
:109BF00060201BE0FB687F22A3F8602016E0FB6872
:109C00009B68B3F1805F0DD1FB681B69002B04D109
:109C1000FB687F22A3F8602008E0FB683F22A3F8DE
:109C2000602003E0FB680022A3F86020FB680022AC
:109C3000C3F89020FB682222C3F88C20FB681B68C5
:109C400008337B667B6E53E8003F3B663B6E43F018
:109C50000103C7F88430FB681B680833D7F88420F9
:109C60003A67FB66F96E3A6F41E80023BB66BB6E4C
:109C7000002BE3D1FB685B6EB3F1005F4FD1FB6853
:109C8000B3F86830FA889A4249D3FB689B68B3F509
:109C9000805F07D1FB681B69002B03D1FB68474A33
:109CA0005A6702E0FB68464A5A67FB681B69002B4B
:109CB0001AD0FB681B683B653B6D53E8003FFB64B3
:109CC000FB6C43F48073C7F88030FB681B681A464E
:109CD000D7F88030FB65BA65B96DFA6D41E80023AD
:109CE0007B657B6D002BE4D1FB681B680833FB634D
:109CF000FB6B53E8003FBB63BB6B43F08053FB67D8
:109D0000FB681B680833FA6FBA647B64796CBA6CC1
:109D100041E800233B643B6C002BE5D146E0FB6847
:109D20009B68B3F5805F07D1FB681B69002B03D1EB
:109D3000FB68244A5A6702E0FB68234A5A67FB68BB
:109D40001B69002B19D0FB681B68BB62BB6A53E818
:109D5000003F7B627B6A43F490737B67FB681B6800
:109D60001A467B6F7B633A63396B7A6B41E8002359
:109D7000FB62FB6A002BE6D118E0FB681B687B6185
:109D80007B6953E8003F3B613B6943F02003BB67BD
:109D9000FB681B681A46BB6F3B62FA61F9693A6A55
:109DA00041E80023BB61BB69002BE6D100231846C4
:109DB0008C37BD465DF8047B704700BFA9A700083B
:109DC00045A400088DA20008D5A0000880B48FB07B
:109DD00000AF78607B681B683B623B6A53E8003FDA
:109DE000FB61FB6923F0C0037B637B681B681A4639
:109DF0007B6BFB62BA62B96AFA6A41E800237B6254
:109E00007B6A002BE6D17B681B680833FB60FB682C
:109E100053E8003FBB60BB6823F400033B637B68EF
:109E20001B6808333A6BBA617B617969BA6941E8AA
:109E300000233B613B69002BE5D17B682022C3F8FE
:109E4000882000BF3C37BD465DF8047B704780B476
:109E500095B000AF78607B681B687B637B6B53E8D1
:109E6000003F3B633B6B23F49073FB647B681B6890
:109E70001A46FB6C3B64FA63F96B3A6C41E80023C9
:109E8000BB63BB6B002BE6D17B681B6808333B626E
:109E90003B6A53E8003FFB61FB6923F0805323F0EA
:109EA0000103BB647B681B680833BA6CFA62BB624F
:109EB000B96AFA6A41E800237B627B6A002BE3D12E
:109EC0007B68DB6E012B18D17B681B68FB60FB682D
:109ED00053E8003FBB60BB6823F010037B647B68E2
:109EE0001B681A467B6CBB617A617969BA6941E883
:109EF00000233B613B69002BE6D17B682022C3F83D
:109F00008C207B680022DA667B6800225A6700BFDB
:109F10005437BD465DF8047B704780B590B000AF04
:109F200078607B689B6AFB637B681B681B6803F037
:109F30002003002B37D1FB6B0022A3F85620FB6BCC
:109F40001B6808337B627B6A53E8003F3B623B6AD5
:109F500023F08003BB63FB6B1B680833BA6B3A6367
:109F6000FB62F96A3A6B41E80023BB62BB6A002BD3
:109F7000E5D1FB6B1B683B613B6953E8003FFB602D
:109F8000FB6843F040037B63FB6B1B681A467B6BEB
:109F9000FB61BA61B969FA6941E800237B617B69B9
:109FA000002BE6D102E0F86BF7F73CFC00BF40372E
:109FB000BD4680BD80B584B000AF78607B689B6A89
:109FC000FB60F868FFF714F900BF1037BD4680BD8D
:109FD00080B586B000AF78607B689B6A7B617B69E7
:109FE000D3F888303B617B69D3F88C30FB607B69A8
:109FF0001B689B6803F08003802B09D13B69212BF0
:10A0000006D17B690022A3F856207869FFF7DEFEAF
:10A010007B691B689B6803F04003402B09D1FB68F8
:10A02000222B06D17B690022A3F85E207869FFF716
:10A030000EFF7B69D3F8903043F010027B69C3F8C0
:10A0400090207869F7F78CFD00BF1837BD4680BDBA
:10A0500080B584B000AF78607B689B6AFB60FB686A
:10A060000022A3F85E20FB680022A3F85620F868BF
:10A07000F7F776FD00BF1037BD4680BD80B588B0CC
:10A0800000AF78607B681B68FB60FB6853E8003FAB
:10A09000BB60BB6823F04003FB617B681B681A460A
:10A0A000FB69BB617A617969BA6941E800233B6168
:10A0B0003B69002BE6D17B682022C3F888207B68AF
:10A0C00000229A677868F7F7ADFB00BF2037BD46DE
:10A0D00080BD000080B59CB000AF78607B68B3F8AD
:10A0E0006030A7F86E307B68D3F88C30222B40F0BC
:10A0F000BE807B681B685B6AA7F86C30B7F86C3071
:10A10000D9B2B7F86E30DAB27B689B6D0A40D2B232
:10A110001A707B689B6D5A1C7B689A657B68B3F8E4
:10A120005E309BB2013B9AB27B68A3F85E207B68ED
:10A13000B3F85E309BB2002B40F0A1807B681B68B7
:10A14000FB64FB6C53E8003FBB64BB6C23F490736F
:10A15000BB667B681B681A46BB6EBB657A65796D0A
:10A16000BA6D41E800233B653B6D002BE6D17B686F
:10A170001B680833BB63BB6B53E8003F7B637B6B9F
:10A1800023F001037B667B681B6808337A6E7A6470
:10A190003B64396C7A6C41E80023FB63FB6B002B5A
:10A1A000E5D17B682022C3F88C207B6800225A67A7
:10A1B0007B6800221A677B681B68334A93421FD072
:10A1C0007B681B685B6803F40003002B18D07B6876
:10A1D0001B687B627B6A53E8003F3B623B6A23F06B
:10A1E00080633B667B681B681A463B6E3B63FA6282
:10A1F000F96A3A6B41E80023BB62BB6A002BE6D1E7
:10A200007B68DB6E012B2ED17B680022DA667B68CF
:10A210001B683B613B6953E8003FFB60FB6823F030
:10A220001003FB657B681B681A46FB6DFB61BA6116
:10A23000B969FA6941E800237B617B69002BE6D1AB
:10A240007B681B68DB6903F01003102B03D17B686C
:10A250001B6810221A627B68B3F85C301946786874
:10A26000FEF7D0FF0BE07868F7F75CFB07E07B6850
:10A270001B689A697B681B6842F008029A6100BFFC
:10A280007037BD4680BD00BF0080004080B59CB0E7
:10A2900000AF78607B68B3F86030A7F86E307B68F9
:10A2A000D3F88C30222B40F0BE807B681B685B6A41
:10A2B000A7F86C307B689B6DBB66B7F86C20B7F86D
:10A2C0006E3013409AB2BB6E1A807B689B6D9A1CED
:10A2D0007B689A657B68B3F85E309BB2013B9AB2AB
:10A2E0007B68A3F85E207B68B3F85E309BB2002BDE
:10A2F00040F0A1807B681B68BB64BB6C53E8003FE7
:10A300007B647B6C23F490737B667B681B681A46C6
:10A310007B6E7B653A65396D7A6D41E80023FB649D
:10A32000FB6C002BE6D17B681B6808337B637B6B7F
:10A3300053E8003F3B633B6B23F001033B667B68C4
:10A340001B6808333A6E3A64FB63F96B3A6C41E878
:10A350000023BB63BB6B002BE5D17B682022C3F8D5
:10A360008C207B6800225A677B6800221A677B6812
:10A370001B68334A93421FD07B681B685B6803F4F9
:10A380000003002B18D07B681B683B623B6A53E8D4
:10A39000003FFB61FB6923F08063FB657B681B6802
:10A3A0001A46FB6DFB62BA62B96AFA6A41E8002399
:10A3B0007B627B6A002BE6D17B68DB6E012B2ED1A2
:10A3C0007B680022DA667B681B68FB60FB6853E8E9
:10A3D000003FBB60BB6823F01003BB657B681B6854
:10A3E0001A46BB6DBB617A617969BA6941E800239D
:10A3F0003B613B69002BE6D17B681B68DB6903F09E
:10A400001003102B03D17B681B6810221A627B6833
:10A41000B3F85C3019467868FEF7F4FE0BE0786814
:10A42000F7F780FA07E07B681B689A697B681B680E
:10A4300042F008029A6100BF7037BD4680BD00BF80
:10A440000080004080B5ACB000AF78607B68B3F8A6
:10A450006030A7F8AA307B681B68DB69C7F8AC30AE
:10A460007B681B681B68C7F8A4307B681B689B6807
:10A47000C7F8A0307B68D3F88C30222B40F0838162
:10A480007B68B3F86830A7F89E3026E17B681B68CC
:10A490005B6AA7F89C30B7F89C30D9B2B7F8AA30FD
:10A4A000DAB27B689B6D0A40D2B21A707B689B6DF2
:10A4B0005A1C7B689A657B68B3F85E309BB2013B9F
:10A4C0009AB27B68A3F85E207B681B68DB69C7F8DB
:10A4D000AC30D7F8AC3003F00703002B53D0D7F8DB
:10A4E000AC3003F00103002B11D0D7F8A43003F4F3
:10A4F0008073002B0BD07B681B6801221A627B687B
:10A50000D3F8903043F001027B68C3F89020D7F86D
:10A51000AC3003F00203002B11D0D7F8A03003F0C9
:10A520000103002B0BD07B681B6802221A627B6838
:10A53000D3F8903043F004027B68C3F89020D7F83A
:10A54000AC3003F00403002B11D0D7F8A03003F097
:10A550000103002B0BD07B681B6804221A627B6806
:10A56000D3F8903043F002027B68C3F890207B68F8
:10A57000D3F89030002B06D07868F7F7F1FA7B68B3
:10A580000022C3F890207B68B3F85E309BB2002BAA
:10A5900040F0A3807B681B683B673B6F53E8003F3C
:10A5A000FB66FB6E23F48073C7F898307B681B68EA
:10A5B0001A46D7F89830FB67BA67B96FFA6F41E867
:10A5C00000237B677B6F002BE4D17B681B6808331B
:10A5D000FB65FB6D53E8003FBB65BB6D23F080530B
:10A5E00023F00103C7F894307B681B680833D7F861
:10A5F0009420BA667B66796EBA6E41E800233B66AA
:10A600003B6E002BE1D17B682022C3F88C207B6855
:10A6100000225A677B6800221A677B681B68604AC1
:10A62000934221D07B681B685B6803F40003002B16
:10A630001AD07B681B68BB64BB6C53E8003F7B642B
:10A640007B6C23F08063C7F890307B681B681A46E8
:10A65000D7F890307B653A65396D7A6D41E8002313
:10A66000FB64FB6C002BE4D17B68DB6E012B30D1EB
:10A670007B680022DA667B681B687B637B6B53E830
:10A68000003F3B633B6B23F01003C7F88C307B68C3
:10A690001B681A46D7F88C303B64FA63F96B3A6C46
:10A6A00041E80023BB63BB6B002BE4D17B681B68D4
:10A6B000DB6903F01003102B03D17B681B681022A9
:10A6C0001A627B68B3F85C3019467868FEF79AFD29
:10A6D0000EE07868F7F726F90AE0B7F89E30002B0D
:10A6E00006D0D7F8AC3003F02003002B7FF4CEAEB9
:10A6F0007B68B3F85E30A7F88A30B7F88A30002B51
:10A7000049D07B68B3F86830B7F88A209A4242D2C1
:10A710007B681B6808333B623B6A53E8003FFB6180
:10A72000FB6923F08053C7F884307B681B680833CB
:10A73000D7F88420FA62BB62B96AFA6A41E800235A
:10A740007B627B6A002BE3D17B68164A5A677B6881
:10A750001B68FB60FB6853E8003FBB60BB6843F0CD
:10A760002003C7F880307B681B681A46D7F8803012
:10A77000BB617A617969BA6941E800233B613B6951
:10A78000002BE4D107E07B681B689A697B681B6833
:10A7900042F008029A6100BFB037BD4680BD00BFDD
:10A7A00000800040D5A0000880B5AEB000AF786052
:10A7B0007B68B3F86030A7F8B2307B681B68DB6950
:10A7C000C7F8B4307B681B681B68C7F8AC307B687F
:10A7D0001B689B68C7F8A8307B68D3F88C30222BA5
:10A7E00040F087817B68B3F86830A7F8A6302AE18B
:10A7F0007B681B685B6AA7F8A4307B689B6DC7F811
:10A80000A030B7F8A420B7F8B23013409AB2D7F806
:10A81000A0301A807B689B6D9A1C7B689A657B6868
:10A82000B3F85E309BB2013B9AB27B68A3F85E201E
:10A830007B681B68DB69C7F8B430D7F8B43003F025
:10A840000703002B53D0D7F8B43003F00103002BDB
:10A8500011D0D7F8AC3003F48073002B0BD07B6899
:10A860001B6801221A627B68D3F8903043F0010222
:10A870007B68C3F89020D7F8B43003F00203002BB4
:10A8800011D0D7F8A83003F00103002B0BD07B6860
:10A890001B6802221A627B68D3F8903043F00402EE
:10A8A0007B68C3F89020D7F8B43003F00403002B82
:10A8B00011D0D7F8A83003F00103002B0BD07B6830
:10A8C0001B6804221A627B68D3F8903043F00202BE
:10A8D0007B68C3F890207B68D3F89030002B06D0BB
:10A8E0007868F7F73DF97B680022C3F890207B6811
:10A8F000B3F85E309BB2002B40F0A5807B681B68EC
:10A900007B677B6F53E8003F3B673B6F23F48073AB
:10A91000C7F89C307B681B681A46D7F89C30C7F88C
:10A920008030FA67F96FD7F8802041E80023BB67D1
:10A93000BB6F002BE2D17B681B6808333B663B6E24
:10A9400053E8003FFB65FB6D23F0805323F00103C8
:10A95000C7F898307B681B680833D7F89820FA66E8
:10A96000BB66B96EFA6E41E800237B667B6E002BF6
:10A97000E1D17B682022C3F88C207B6800225A67D3
:10A980007B6800221A677B681B68604A934221D06B
:10A990007B681B685B6803F40003002B1AD07B689C
:10A9A0001B68FB64FB6C53E8003FBB64BB6C23F08B
:10A9B0008063C7F894307B681B681A46D7F89430D8
:10A9C000BB657A65796DBA6D41E800233B653B6DE7
:10A9D000002BE4D17B68DB6E012B30D17B68002239
:10A9E000DA667B681B68BB63BB6B53E8003F7B6325
:10A9F0007B6B23F01003C7F890307B681B681A4606
:10AA0000D7F890307B643A64396C7A6C41E8002363
:10AA1000FB63FB6B002BE4D17B681B68DB6903F0F5
:10AA20001003102B03D17B681B6810221A627B680D
:10AA3000B3F85C3019467868FEF7E4FB0EE07868FE
:10AA4000F6F770FF0AE0B7F8A630002B06D0D7F86B
:10AA5000B43003F02003002B7FF4CAAE7B68B3F858
:10AA60005E30A7F88E30B7F88E30002B49D07B6867
:10AA7000B3F86830B7F88E209A4242D27B681B68E0
:10AA800008337B627B6A53E8003F3B623B6A23F0FA
:10AA90008053C7F888307B681B680833D7F8882054
:10AAA0003A63FB62F96A3A6B41E80023BB62BB6A16
:10AAB000002BE3D17B68164A5A677B681B683B61B1
:10AAC0003B6953E8003FFB60FB6843F02003C7F895
:10AAD00084307B681B681A46D7F88430FB61BA6102
:10AAE000B969FA6941E800237B617B69002BE4D1F5
:10AAF00007E07B681B689A697B681B6842F0080264
:10AB00009A6100BFB837BD4680BD00BF00800040DD
:10AB10008DA2000880B586B000AFF860B9607A6099
:10AB20003B60FB68002B01D1012358E0FB68D3F8A0
:10AB30008830002B06D1FB68002283F88420F86857
:10AB4000F9F76AF8FB682422C3F88820FB681B68C1
:10AB50001A68FB681B6822F001021A60FB689B6A96
:10AB6000002B02D0F868FEF755FEF868FEF756FB9A
:10AB70000346012B01D1012331E0FB681B689A6871
:10AB8000FB681B6842F480429A60FB681B689B6804
:10AB900023F40041FB681B68BA680A439A607B682B
:10ABA0005B057B613B681B047A6913437B61FB682F
:10ABB0001B681B6823F07F7323F44033FA68126824
:10ABC00079690B431360FB681B681A68FB681B6894
:10ABD00042F001021A60F868FEF7BEFE034618460E
:10ABE0001837BD4680BD80B483B000AF786000BF29
:10ABF0000C37BD465DF8047B704780B483B000AF6E
:10AC0000786000BF0C37BD465DF8047B704780B4A8
:10AC100083B000AF786000BF0C37BD465DF8047BA1
:10AC2000704780B485B000AF78607B6893F884305B
:10AC3000012B01D1022327E07B68012283F88420C5
:10AC40007B682422C3F888207B681B681B68FB6034
:10AC50007B681B681A687B681B6822F001021A6017
:10AC6000FB6823F00053FB607B6800225A667B6818
:10AC70001B68FA681A607B682022C3F888207B680A
:10AC8000002283F88420002318461437BD465DF85F
:10AC9000047B704780B584B000AF786039607B6812
:10ACA00093F88430012B01D102232DE07B6801222F
:10ACB00083F884207B682422C3F888207B681B6883
:10ACC0001B68FB607B681B681A687B681B6822F046
:10ACD00001021A607B681B689B6823F060417B68F7
:10ACE0001B683A680A439A60786800F04FF87B68FE
:10ACF0001B68FA681A607B682022C3F888207B688A
:10AD0000002283F88420002318461037BD4680BDFA
:10AD100080B584B000AF786039607B6893F8843088
:10AD2000012B01D102232DE07B68012283F88420CE
:10AD30007B682422C3F888207B681B681B68FB6043
:10AD40007B681B681A687B681B6822F001021A6026
:10AD50007B681B689B6823F060617B681B683A68AE
:10AD60000A439A60786800F011F87B681B68FA68FB
:10AD70001A607B682022C3F888207B68002283F851
:10AD80008420002318461037BD4680BD80B485B0AE
:10AD900000AF78607B685B6E002B08D17B68012276
:10ADA000A3F86A207B680122A3F8682031E0082319
:10ADB000FB730823BB737B681B689B685B0EDBB26D
:10ADC00003F007037B737B681B689B685B0FDBB238
:10ADD00003F007033B73BB7B3A7B11498A5C02FBA0
:10ADE00003F33A7B0F498A5C93FBF2F39AB27B68D8
:10ADF000A3F86A20FB7B7A7B09498A5C02FB03F398
:10AE00007A7B08498A5C93FBF2F39AB27B68A3F8D9
:10AE1000682000BF1437BD465DF8047B704700BF53
:10AE2000C0C10008C8C100080EB400B59CB01DAB7D
:10AE3000029006906FF0004109480791049109497A
:10AE400053F8042B05910068019302A900F0CEF994
:10AE5000029B00221A701CB05DF804EB03B070472F
:10AE6000400000200802FFFF0EB430B59CB01FACBC
:10AE70004FF4017254F8045BADF814200290069070
:10AE8000F5F72EFA0B4B039007900B930A480194A9
:10AE900000230F9314934FF6FF73ADF816302A4634
:10AEA000234602A9006800F0F5FA1CB0BDE8304066
:10AEB00003B07047BDAE000840000020002070477E
:10AEC00002440346934200D1704703F8011BF9E79F
:10AED000014B1868704700BF4000002070B50D4D51
:10AEE0000D4C641BA4100026A64209D10B4D0C4C3E
:10AEF00001F0E0F8641BA4100026A64205D170BD45
:10AF000055F8043B98470136EEE755F8043B98475F
:10AF10000136F2E728C3000828C3000828C3000848
:10AF20002CC30008704770470A44914200F1FF3378
:10AF300000D1704710B511F8014B03F8014F914251
:10AF4000F9D110BD38B50546002941D051F8043C6F
:10AF50000C1F002BB8BFE41800F0E0F81D4A13687E
:10AF600033B9636014602846BDE8384000F0DCB8AF
:10AF7000A34208D9206821188B4201BF19685B6879
:10AF800009182160EDE71A465B680BB1A342FAD9B4
:10AF900011685018A0420BD1206801445018834218
:10AFA0001160E0D118685B68536008441060DAE70C
:10AFB00002D90C232B60D6E7206821188B4204BFEE
:10AFC00019685B68636004BF091821605460CAE7B0
:10AFD00038BD00BF6011002070B50F4E0C463168BF
:10AFE000054611B900F034FF30602146284600F0D4
:10AFF0002FFF431C03D14FF0FF34204670BDC41C0B
:10B0000024F00304A042F8D0211A284600F020FFC3
:10B010000130F2D1EFE700BF5C1100202DE9F843C9
:10B02000CD1C25F0030508350C2D38BF0C25002D4F
:10B03000064601DBA94204D90C2333600020BDE899
:10B04000F883DFF8D48000F069F8D8F800301C46A7
:10B0500044BB29463046FFF7BFFF431C044658D186
:10B06000D8F800402746002F43D1002C4BD023684E
:10B070003946304604EB030900F0EAFE814542D12F
:10B0800021686D1A29463046FFF7A6FF01303AD0F5
:10B0900023682B442360D8F800305A6862BBC8F894
:10B0A00000700FE02268521B20D40B2A17D96119B7
:10B0B000A342256018BF5960636808BFC8F8001034
:10B0C00062514B60304600F02FF804F10B00231D55
:10B0D00020F00700C21A1CBF1B1AA350AFE762681A
:10B0E000A3420CBFC8F800205A60EBE7234664680F
:10B0F000AEE73C467F68B6E71A465B68A342FBD1E1
:10B1000000235360DEE70C233360304600F00CF878
:10B1100094E70560D6E700BF601100200148FFF703
:10B1200001BF00BF581100200148FFF7FCBE00BF5F
:10B13000581100202DE9F0478E681F46BE420B686B
:10B1400082460C4690462DD8B1F90C2012F4906F2F
:10B1500026D06569096905EB4505A3EB010905EBF7
:10B16000D5757B1C4B446D109D4238BF1D46530561
:10B1700027D52946FFF752FF064660B321694A46A4
:10B18000FFF7D2FEA38923F4906343F08003A381E9
:10B19000266165614E44A5EB09052660A5603E4623
:10B1A000BE4200D93E4620683246414600F035FE98
:10B1B000A3689B1BA3602368334423600020BDE881
:10B1C000F0872A4600F054FE06460028E0D12169A7
:10B1D0005046FFF7B7FE0C23CAF80030A38943F0AE
:10B1E0004003A3814FF0FF30E9E700002DE9F04F65
:10B1F00098468B891B069DB007460D46144610D510
:10B200000B6973B94021FFF709FF2860286130B945
:10B210000C233B604FF0FF301DB0BDE8F08F4023A2
:10B220006B610023099320238DF82930CDF80C8021
:10B230003023DFF89C818DF82A304FF00109234636
:10B240009A4613F8012B0AB1252AF9D1BAEB040B5F
:10B250000BD05B46224629463846FFF76BFF01308C
:10B2600000F0A780099A5A4409929AF80030002BFE
:10B2700000F09F8000234FF0FF32CDE905230AF153
:10B28000010A049307938DF853301A93544605220C
:10B2900014F8011B4E48F5F72BF8049AD8B9D006DC
:10B2A00044BF20238DF85330110744BF2B238DF862
:10B2B00053309AF800302A2B15D0079A54460020B4
:10B2C0004FF00A0C214611F8013B303B092B4BD9BA
:10B2D000B0B1079214E0A0EB080309FA03F313439B
:10B2E0000493A246D2E7039B191D1B680391002B10
:10B2F000BBBF5B4242F0020207930793B8BF0492C0
:10B3000023782E2B0AD163782A2B32D1039B1A1D66
:10B310001B68039243EAE37302340593DFF8C0A08D
:10B32000217803225046F4F7E3FF38B1049BA0EBE9
:10B330000A004022824013430134049314F8011B95
:10B3400024488DF828100622F4F7D2FF002836D0C2
:10B35000214B1BBB039B073323F0070308330393E5
:10B36000099B334409936AE70CFB02320C46012027
:10B37000A8E700230134059319464FF00A0C204634
:10B3800010F8012B303A092A03D9002BC6D00591B9
:10B39000C4E70CFB012104460123F0E703AB009353
:10B3A0002A460E4B04A93846AFF30080421C0646DD
:10B3B000D6D1AB895B063FF52DAF09982CE703ABDF
:10B3C00000932A46054B04A9384600F045FAEDE7FC
:10B3D000D0C10008DAC100080000000035B1000843
:10B3E000D6C1000838B54B1C144603D14FF0FF35C9
:10B3F000284638BD938923F0200393815368526B0C
:10B40000CDB28AB1A26B9A4208DD23685A1E22602F
:10B4100003F8015C636801336360E9E7214600F0EB
:10B42000C2FC0028F1D0E1E72169226841B19142D4
:10B4300006D212F8011CA94202D1013A2260EAE7C1
:10B44000C4E90F2304F1440363630323A363234686
:10B4500003F8465F23600123DEE710B50C46496B15
:10B4600069B104F14403994201D0FFF76BFD236CED
:10B4700063600020606313B1E36B236010BD236938
:10B48000236000236360A38943F02003A3814FF06E
:10B49000FF30F3E72DE9F0470C46ADF5227D0021A2
:10B4A000CDE94411A549A0910DF10408A449A54F87
:10B4B000CDF818810646A19100931378002B00F077
:10B4C0005881F95C11F0080102F1010519D0636897
:10B4D000002B0FDD23681A78BA5C120701D42A46C4
:10B4E000EBE7459A0132459262680133013A6260A6
:10B4F0002360ECE7A19B2146304698470028E9D01D
:10B50000EDE7252B12D099466368002B40F393801A
:10B51000226813784B4540F02C816368013B6360DF
:10B52000459B0132013322604593D8E74191439115
:10B5300053782A2B02BF1023951C41930A22A94657
:10B5400019F8011BA1F13003092B1ED9DFF8F8A16E
:10B5500003225046F4F7CCFE38B1419AA0EB0A0022
:10B5600001238340134341934D4615F8013B782B4B
:10B5700006D8572B10D8252BC5D057D8002B65D00F
:10B58000032347930A23429378E0439B02FB031172
:10B59000303943914D46D2E7A3F15802202AEFD823
:10B5A00001A151F822F000BF5BB6000881B5000888
:10B5B00081B50008B5B6000881B5000881B500085E
:10B5C00081B5000881B5000881B5000881B5000883
:10B5D00081B50008CBB60008B1B6000833B6000844
:10B5E00033B6000833B6000881B500086DB6000810
:10B5F00081B5000881B5000881B5000881B5000853
:10B60000DBB6000875B6000853B6000881B500081F
:10B6100081B50008D7B6000881B50008B1B60008AA
:10B6200081B5000881B500085BB60008453B022BD8
:10B63000A6D8052321E0A19B214630469847002843
:10B640003FF466AF4498002840F08B804FF0FF3005
:10B650008BE0419A42F020024192419A42F40072FA
:10B66000419210226E2B429202D905E000234293B0
:10B67000032302E008234293042347936368002BCB
:10B6800039DD419B590604D423681A78BA5C120745
:10B6900038D4479B022B47DC6B46224641A93046F3
:10B6A00000F0FAF9012864D002287FF418AFC9E746
:10B6B0000A22D7E72946404600F03CFB419B43F075
:10B6C0004003419305460123D7E7419B43F04003E4
:10B6D00041930023D1E70223CFE74198C3063FF50A
:10B6E000FEAE009B459A191D00911B68C0074CBF18
:10B6F0001A801A60F3E6A19B21463046984700283D
:10B70000BFD09FE7459A013245926268013A002A0C
:10B71000626002DD01332360B6E7A19B214630461B
:10B7200098470028B0D08DE7042B0FDC6B462246EB
:10B7300041A9304600F00AFAB4E700BFE5B30008BB
:10B740005BB400081FC20008D6C100080A4B002BDA
:10B750003FF4C5AE6B46224641A93046AFF30080A8
:10B76000A0E7A3895B063FF571AF0DF5227DBDE82B
:10B77000F0874498F9E700BF000000002DE9F0478A
:10B78000164698468A680B69DDF820909342B8BF48
:10B790001346336091F8432007460C460AB1013343
:10B7A00033602368990642BF3368023333602568EB
:10B7B00015F0060506D104F1190AE36832689B1AF0
:10B7C000AB4226DC94F843302268003B18BF0123CB
:10B7D00092062BD404F1430241463846C847013053
:10B7E0001ED02368226903F00603042B02BFE5681C
:10B7F0003368ED1AA3680CBF25EAE575002593426E
:10B80000C4BF9B1AED1800261A34B5421AD1002085
:10B8100008E00123524641463846C847013003D16B
:10B820004FF0FF30BDE8F0870135C6E7E1185A1C3C
:10B83000302081F84300224494F8451082F84310E8
:10B840000233C7E70123224641463846C847013044
:10B85000E6D00136D9E700002DE9FF470F7E0C9EA8
:10B86000782F914680460C469A4601F1430207D84C
:10B87000622F0AD8002F00F0D280582F00F0B98034
:10B8800004F1420684F842703AE0A7F16303152BF5
:10B89000F6D801A151F823F0F1B8000805B9000865
:10B8A00081B8000881B8000881B8000881B8000894
:10B8B00005B9000881B8000881B8000881B80008FF
:10B8C00081B8000805BA00082FB90008BFB9000800
:10B8D00081B8000881B8000827BA000881B80008BC
:10B8E0002FB9000881B8000881B80008C7B900085E
:10B8F00033681A1D1B68326004F1420684F8423036
:10B9000001239DE033682068191D3160060601D5CA
:10B910001D6803E04506FBD5B3F90050002D03DA9E
:10B920002D236D4284F8433059480A2311E02168E1
:10B930003368080653F8045B02D4490648BFADB229
:10B940006F2F5348336014BF0A230823002184F863
:10B9500043106668A660002EA2BF216821F0040192
:10B9600021600DB9002E4BD01646B5FBF3F103FB59
:10B970001157C75D06F8017D2F46BB420D46F4D92D
:10B98000082B0BD12368DF0708D52369616899422A
:10B99000DEBF302306F8013C06F1FF36921B226120
:10B9A000CDF800A04B4603AA21464046FFF7E6FE2D
:10B9B00001304AD14FF0FF3004B0BDE8F087236872
:10B9C00043F0200323603348782784F845702368C8
:10B9D00031681F0651F8045B02D45F0648BFADB260
:10B9E0003160D90744BF43F0200323601DB1102309
:10B9F000ACE72748E9E7236823F020032360F6E754
:10BA00001646BDE7336825686169181D30602E064B
:10BA10001B6801D5196002E06806FBD51980002378
:10BA200023611646BCE733681A1D32601E686268DF
:10BA300000213046F4F75CFC08B1801B606063684D
:10BA40002361002384F84330AAE72369324649463C
:10BA50004046D0470130ADD023689B0713D4E0683F
:10BA6000039B9842B8BF1846A6E7012332464946D1
:10BA70004046D04701309DD00135E36803995B1AF9
:10BA8000AB42F2DCEBE7002504F11906F5E700BF55
:10BA9000E1C10008F2C100082DE9F84315468A68A3
:10BAA00080460C4632B98A69002A14BF4FF0FF3233
:10BAB00001228A602268DFF89090D1065FBF1A6881
:10BAC000111D196016680027A06988B1012807D1E7
:10BAD0002B681A7863699B5C53B9002F31D022E040
:10BAE000022820D12B681B7819F803301B071AD4C1
:10BAF0002368DA065EBF2B681B7806F8013B2A68CC
:10BB00006B6801322A60A268013B013A6B60013721
:10BB1000A26042B1002BD7DCD4F8803129464046E0
:10BB200098470028D0D0236813F0100305D1E268AD
:10BB30000132E260A26902B1337023693B442361A0
:10BB40000020BDE8F88300BF1FC200082DE9F04FB8
:10BB50009846744B0C468246164693E8070087B019
:10BB600003AB83E80700704BA169704A032908BF43
:10BB70001A46A36801925A1EB2F5AE7F88BF6FF4D1
:10BB8000AE75274682BF03EB050940F25D13A36043
:10BB900057F81C3B43F4506398BF4FF000092360F3
:10BBA0003D464FF0000B316803AB097853F82B008A
:10BBB0000222F4F79DFB28B3BBF1010F59D1626853
:10BBC0002AB92268082142F400726160226022686A
:10BBD00022F4A0622260A268511EA16092B1326874
:10BBE000511C3160127805F8012B7268013A002A65
:10BBF000726007DCD4F88021314650469047002817
:10BC000040F085800BF1010BBBF1030FCBD16368D2
:10BC10000BB90A236360636845496069C91A00F07B
:10BC200089F84FF0000BA3682268002B3DD03168E3
:10BC3000606991F800C010F80C00002835D0BCF104
:10BC4000300F24D1100522D50BF1010BB9F1000FF3
:10BC500003D0013309F1FF39A3607368013B002B66
:10BC600073601BDD336801333360A368013BA3605D
:10BC7000D9E7BBF1020FAED1226802F4C061B1F581
:10BC8000007FBFD11021616042F48072A2E722F4EC
:10BC9000106222600B7805F8013BDEE7D4F88031B2
:10BCA0003146504698470028DFD02368D9050DD586
:10BCB000BD4209D915F8011CD4F87C3132465046F2
:10BCC000984705F1FF394D46BD4228D0226812F051
:10BCD000100213D12A706368019E39465046B0475E
:10BCE000D8F8003021681A1DC8F8002011F0200F84
:10BCF0001B680FD01860E3680133E3602369ED1B14
:10BD00005D442B442361002007B0BDE8F08F4FF065
:10BD1000000BCAE7CA074CBF18801860EBE7012088
:10BD2000F2E700BF78C10008C1BF0008A1C0000849
:10BD300013C2000870B50B7804465E2B0BBF4B781E
:10BD40004A1C8A1C002108BF0121013804F1FF05AB
:10BD500000F8011FA842FBD10BB9501E70BD81F045
:10BD60000101E1541046024612F8015B2D2D05D069
:10BD70005D2D16D0002DF1D02B46F2E746785D2ED2
:10BD8000FAD0B342F8DC02301A4601329642A1548E
:10BD9000FBDCF21A013A5D1CB342A8BF0022AB18CB
:10BDA000E1E71046DAE72DE9F0410C46496B04F172
:10BDB000440399421DD14FF48061FFF72FF918B960
:10BDC0004FF0FF30BDE8F0814FF48063A36394F837
:10BDD0004630606380F8FF3394F8453080F8FE33D6
:10BDE00094F8443080F8FD3300F2FD3020600020EC
:10BDF000E8E7A66B77003A4600F03AF805460028D7
:10BE0000DED000EB0608014632464046FFF78CF8CC
:10BE1000C4E90D57C4F80080E9E7884210B501EB8A
:10BE2000020402D98442234607D8431EA14208D007
:10BE300011F8012B03F8012FF8E7024401468A426A
:10BE400000D110BD13F8014D02F8014DF7E70000D5
:10BE500038B5064D0023044608462B60F7F79EFFD1
:10BE6000431C02D12B6803B1236038BD541100205C
:10BE70002DE9F041804615460C4621B9BDE8F04158
:10BE80001146FFF7CBB82AB9FFF75CF8002420462B
:10BE9000BDE8F08100F006F98542064602D8B5EB10
:10BEA000500FF4D829464046FFF7B8F80746002857
:10BEB000ECD0B5422A46214628BF3246FFF734F877
:10BEC00021464046FFF73EF83C46E0E7242B2DE9AB
:10BED000F0478646904601D8012B06D1FEF7F8FFC1
:10BEE000162303600020BDE8F08734480D462A463B
:10BEF00015F8014B065D16F00806F8D12D2C2DD152
:10BF00002C780126951C33F0100209D1302C2AD14F
:10BF10002A7802F0DF02582A25D16C7810230235E6
:10BF200006F1004C0CF1FF3C0022BCFBF3F910467B
:10BF300003FB19CAA4F13007092F1BD83C46A342C2
:10BF400027DD571C07D0814520D301D1A2451DDB39
:10BF500000FB0340012215F8014BEBE72B2C04BF3B
:10BF60002C78951CCFE7002BDAD1302C0CBF08239E
:10BF70000A23D5E7A4F14107192F01D8373CDEE7A2
:10BF8000A4F16107192F04D8573CD8E74FF0FF32CE
:10BF9000E1E7531C08D12223CEF800306046B8F107
:10BFA000000FA0D0691E06E006B14042B8F1000FB4
:10BFB00099D0002AF6D1C8F8001094E71FC20008F3
:10BFC000FFF784BF2DE9F043344E86460D462846E0
:10BFD00015F8014B375D17F00807F8D12D2C2FD13C
:10BFE0002C780127851C33F0100009D1302C2CD17E
:10BFF000287800F0DF00582827D16C78102302350C
:10C000004FF0FF380026B8FBF3F803FB08F96FEA9E
:10C0100009093046A4F1300CBCF1090F1CD8644664
:10C02000A3422ADDB6F1FF3F07D0804522D301D1DC
:10C03000A1451FDB00FB0340012615F8014BE9E792
:10C040002B2C04BF2C78851CCDE7002BD8D1302CAD
:10C050000CBF08230A23D3E7A4F1410CBCF1190F4C
:10C0600001D8373CDCE7A4F1610CBCF1190F04D80E
:10C07000573CD5E74FF0FF36DFE7731C06D122238C
:10C08000CEF80030304632B9BDE8F08307B1404207
:10C09000002AF9D006B1691E1160F5E71FC2000839
:10C0A000FFF790BF51F8043C181F002BBCBF0B5882
:10C0B000C0187047F8B500BFF8BC08BC9E46704772
:10C0C000F8B500BFF8BC08BC9E46704700000000F1
:08C0D0005FF800F0C902002036
:10C0D800646174616C656E20256420307825303881
:10C0E8007820553E00000000256420256420256442
:10C0F8002025642025642025640000002025642074
:10C108002564202564202564202564202564203E9C
:10C118000000000025732025730000003C494141C0
:10C12800202573202573203E000000004D656D62B8
:10C1380072616E652057617465722053656E736F06
:10C1480072200000312E332E312056323032342EF8
:10C1580031302E30302031302D30322D3235200024
:10C168003C4A4141202573202573203E00000000F1
:10C1780015C2000818C200081BC200087632303207
:10C18800342E31302E303000000000000000000056
:10C198000102030406070809000000000102030465
:10C1A800010002000400060008000A000C0010004C
:10C1B8002000400080000001010101030701000088
:10C1C8000804020408010101232D302B2000686CAB
:10C1D8004C006566674546470030313233343536A2
:10C1E80037383941424344454600303132333435DB
:10C1F8003637383961626364656600412D46612DC2
:10C2080066383930313233343536375D002B2D00FE
:10C2180030300078580000202020202020202020C6
:10C2280028282828282020202020202020202020DE
:10C23800202020202020208810101010101010100E
:10C248001010101010101004040404040404040452
:10C2580004101010101010104141414141410101DA
:10C2680001010101010101010101010101010101B6
:10C2780001011010101010104242424242420202C4
:10C288000202020202020202020202020202020286
:10C298000202101010102000000000000000000032
:10C2A8000000000000000000000000000000000086
:10C2B8000000000000000000000000000000000076
:10C2C8000000000000000000000000000000000066
:10C2D8000000000000000000000000000000000056
:10C2E8000000000000000000000000000000000046
:10C2F8000000000000000000000000000000000036
:10C308000000000000000000000000000000000025
:08C3180000000000000000001D
:08C32000C03FFF7F0100000097
:04C32800C502000842
:04C32C00A102000862
:10C330002112000821120008211200082112000811
:10C34000011C00084D2E000800040000812F000889
:10C35000000400003D3000080001000053300008D8
:10C36000000100000024F4001000000001000000A3
:10C3700044000020000000001C1000208410002059
:10C38000EC10002000000000000000000000000091
:10C39000000000000000000000000000000000009D
:10C3A000000000000000000000000000000000008D
:10C3B000000000000000000000000000000000007D
:10C3C00080B400AF094B5B6903F00043B3F1004F49
:10C3D00006D1064B064A9A60044B064A9A6000BF93
:10C3E00000BFBD465DF8047B704700BF00200240DF
:10C3F00023016745AB89EFCD80B400AF054B5B6986
:10C40000044A43F00043536100BFBD465DF8047B1E
:10C41000704700BF0020024080B483B000AF786056
:10C420003960174B4FF0FF321A617B683A68126827
:10C430001A607B6801337B603B6804333B60BFF369
:10C440006F8F00BF7B683A6812681A6000BF0C4BA0
:10C450001B6903F48033002BF9D100BF084B1B6923
:10C4600003F00103012BF9D1054B1B69044A43F08A
:10C470000103136100BF0C37BD465DF8047B7047B4
:10C480000020024080B489B000AFF860B9607A60E3
:10C49000BB68FB61FB68BB6100BF254B1B6903F4F4
:10C4A0008033002BF9D1224B01225A6100237B619A
:10C4B0002DE01F4B4FF0FF321A61BB691A68FB6910
:10C4C0001A60FB690433FB61BB690433BB61BFF3D2
:10C4D0006F8F00BFBFF34F8F00BFBB691A68FB6946
:10C4E0001A60FB690433FB61BB690433BB61BFF3B2
:10C4F0006F8F00BFBFF34F8F00BF00BF0C4B1B6996
:10C5000003F48033002BF9D17B6908337B617A69AE
:10C510007B689A42CDD3064B5B69054A23F0010341
:10C52000536100BF2437BD465DF8047B704700BFF0
:10C530000020024080B485B000AF78603960194BAC
:10C540001B69184A43F0200313617B68FB731CE0EE
:10C5500000BF144B1B6903F48033002BF9D1FB7B24
:10C56000DB00104A43F0020353610E4B5B690D4A36
:10C5700043F48033536100BF0A4B1B6903F48033DB
:10C58000002BF9D1FB7B0133FB73FA7B79683B68A5
:10C590000B449A42DCD300BF00BF1437BD465DF8A0
:10C5A000047B70470020024080B584B000AF786003
:10C5B0000F4B5B68FB6000F08FF803460D4AA2FB4F
:10C5C00003239B0CBB607B68BA6802FB03F37B60B0
:10C5D00000BF074B5A68FB68D21A7968BB68CB1A50
:10C5E0009A42F6D300BF00BF1037BD4680BD00BFE2
:10C5F000001000E083DE1B4380B588B000AFF86018
:10C60000B9607A60FB68DB0ABB617B68DB0A7B612F
:10C6100072B600BF2C4B0022DA600023FB6107E0FA
:10C62000FB695BB2184600F05FF8FB690133FB6100
:10C63000FB697F2BF4D962B600BF2448FFF7B4FF33
:10C6400000F04EF872B600BF214B1B68204A23F45D
:10C65000806313601E4B1B681D4A43F480531360B4
:10C660001B4B1B681A4A23F480531360184B1B683A
:10C67000174A23F400731360154B1B68144A43F4E4
:10C6800000631360124B1B68114A23F400631360AC
:10C69000FFF796FE7969B869FFF74CFFFB6803F175
:10C6A00000637A681946B868FFF7ECFEFFF7A4FE4E
:10C6B0000648FFF779FFBFF36F8F00BFBFF34F8FBF
:10C6C00000BF00F015F800BF00400020A086010068
:10C6D00000200240000000005FF800F0E17C00084C
:10C6E0005FF800F07D7200085FF800F01F5A000844
:08C6F0005FF800F0951C000842
:10C70000415F6F7320456E6420436F6465000000D5
:10C710000000000000000000000000000000000019
:10F000004D656D6272616E65506172616D657465AA
:10F0100072735374617274000000000000000000FD
:10F0200000040000FF0B00002000000000020000B0
:10F03000FF0D0000080000000000000000000000BC
:10F0400000000000000000000000000000000000C0
:10F050004D656D6272616E65506172616D6574655A
:10F060007273456E640000000000000000000000A4
:10F800004D656D6272616E65496E666F53746172AB
:10F810007400000000000000000000000000000074
:10F820000801445343203031000000000000000074
:10F8300000000000000000000000000000000000C8
:10F84000000031342F31312F3230323400000000CB
:10F8500000000000000000000000000000000000A8
:10F8600000004D656D6272616E65496E666F456E32
:10F870006400000000000000000000000000000024
:02F88000000086
:0400000508003E2D84
:00000001FF
